cluster_type,omitted_cluster,n_remaining,change_point_ka,delta_loglik,older_rate,younger_rate
Source,Moore 2003,62,525.0,18.296613678514834,0.1875,0.9565217391304348
Source,Barzilai and Goring-Morris 2010,63,525.0,18.5270015219981,0.1875,0.9574468085106383
Source,Stout et al. 2010,62,525.0,16.194143329187387,0.21428571428571427,0.9583333333333334
Source,Hogberg et al. 2011,63,525.0,18.5270015219981,0.1875,0.9574468085106383
Source,Sorensen 2004,63,525.0,18.5270015219981,0.1875,0.9574468085106383
Source,Villa et al. 2010,63,525.0,18.5270015219981,0.1875,0.9574468085106383
Source,Tryon et al. 2006,62,325.0,18.51484665282525,0.2631578947368421,0.9767441860465116
Source,Goren-Inbar et al. 2008,62,525.0,16.194143329187387,0.21428571428571427,0.9583333333333334
Source,Li et al. 2017,63,525.0,17.49310768784931,0.2,0.9583333333333334
Source,Pleurdeau 2006,62,525.0,18.296613678514834,0.1875,0.9565217391304348
Source,Harmand et. al. 2015,63,525.0,17.49310768784931,0.2,0.9583333333333334
Source,Delagnes and Roche 2005,63,525.0,17.49310768784931,0.2,0.9583333333333334
Source,Plummer and Bishop 2016,63,525.0,17.49310768784931,0.2,0.9583333333333334
Source,Diez-Martin et al. 2009,63,525.0,17.49310768784931,0.2,0.9583333333333334
Source,Isaac 1977,63,525.0,17.49310768784931,0.2,0.9583333333333334
Source,Clark 1971,63,525.0,18.5270015219981,0.1875,0.9574468085106383
Source,Barzilai and Ashkenazy 2015,63,525.0,18.5270015219981,0.1875,0.9574468085106383
Source,Stout et al. 2014,63,325.0,18.76591584341756,0.2631578947368421,0.9772727272727273
Source,Pasda 2017,63,525.0,18.5270015219981,0.1875,0.9574468085106383
Source,Hahn and Owen 1985 ,62,525.0,18.296613678514834,0.1875,0.9565217391304348
Source,Aubrey et al. 2008,63,525.0,18.5270015219981,0.1875,0.9574468085106383
Source,Gallotti 2013,63,525.0,20.300701666155415,0.13333333333333333,0.9583333333333334
Source,Conard and Adler 1997,63,525.0,18.5270015219981,0.1875,0.9574468085106383
Source,Torre et al. 2008,63,525.0,17.49310768784931,0.2,0.9583333333333334
Source,Villa et al. 2016,62,525.0,20.478781051888433,0.1875,0.9782608695652174
Source,Gilbert et al. 2016,63,575.0,19.201265347223917,0.14285714285714285,0.9591836734693877
Source,Texier 1995,63,525.0,20.300701666155415,0.13333333333333333,0.9583333333333334
Source,Schimelmitz et al. 2011,63,525.0,18.5270015219981,0.1875,0.9574468085106383
Source,Chazan 2001a,63,525.0,18.5270015219981,0.1875,0.9574468085106383
Source,Fernandez 2005,63,525.0,18.5270015219981,0.1875,0.9574468085106383
Source,Chazan 2001b,63,525.0,18.5270015219981,0.1875,0.9574468085106383
Source,Clarkson et a. 2015,63,525.0,18.5270015219981,0.1875,0.9574468085106383
Source,Malinsky-Buller et al. 2014,63,525.0,18.5270015219981,0.1875,0.9574468085106383
Source,Shimelmitz and Kuhn 2013,63,525.0,18.5270015219981,0.1875,0.9574468085106383
Source,Spinapolice et al. 2014,63,525.0,18.5270015219981,0.1875,0.9574468085106383
Source,Groucutt 2014,63,525.0,18.5270015219981,0.1875,0.9574468085106383
Source,Hublin et al. 1987 and Richter et al. 2017,63,525.0,18.5270015219981,0.1875,0.9574468085106383
Source,Wilkins and Chazan 2012,63,525.0,20.300701666155415,0.13333333333333333,0.9583333333333334
Source,Coutouly 2017,63,525.0,18.5270015219981,0.1875,0.9574468085106383
Source,Wilson et al. 2011,63,525.0,18.5270015219981,0.1875,0.9574468085106383
Source,Desrosiers and Gendron 2004,63,525.0,18.5270015219981,0.1875,0.9574468085106383
Source,Rankama and Kankaanpaa 2011,63,525.0,18.5270015219981,0.1875,0.9574468085106383
Source,Paige 2022,63,525.0,18.5270015219981,0.1875,0.9574468085106383
Source,Paige 2022 and Lagarde and Sand 2013,63,525.0,18.5270015219981,0.1875,0.9574468085106383
Source,Adler et al. 2014,63,325.0,18.76591584341756,0.2631578947368421,0.9772727272727273
Source,Dietler 2003,63,525.0,18.5270015219981,0.1875,0.9574468085106383
Source,Cassidy et al. 2014,63,525.0,18.5270015219981,0.1875,0.9574468085106383
Source,Pavlides and Kennedy 2007,62,525.0,20.478781051888433,0.1875,0.9782608695652174
Source,Braun et al. 2019,63,525.0,17.49310768784931,0.2,0.9583333333333334
Source,Roussell et al. 2016,63,525.0,18.5270015219981,0.1875,0.9574468085106383
Source,Otte 1990 and 1994,63,525.0,18.5270015219981,0.1875,0.9574468085106383
Source,Slimak 1999,63,525.0,18.5270015219981,0.1875,0.9574468085106383
Source,Smith et al. 1996,63,525.0,18.5270015219981,0.1875,0.9574468085106383
Source,Walter and Green 2011,63,525.0,18.5270015219981,0.1875,0.9574468085106383
Source,Araho et al. 2002,62,525.0,18.296613678514834,0.1875,0.9565217391304348
Sitename,Georgina River Bridge Site,62,525.0,18.296613678514834,0.1875,0.9565217391304348
Sitename,Kfar HaHoresh,63,525.0,18.5270015219981,0.1875,0.9574468085106383
Sitename,EG12,62,525.0,16.194143329187387,0.21428571428571427,0.9583333333333334
Sitename,Hollow Rockshelter,63,525.0,18.5270015219981,0.1875,0.9574468085106383
Sitename,Itinnera,63,525.0,18.5270015219981,0.1875,0.9574468085106383
Sitename,Klasies cave 1A lower HP,63,525.0,18.5270015219981,0.1875,0.9574468085106383
Sitename,Kapthurin LHA FS,63,325.0,18.76591584341756,0.2631578947368421,0.9772727272727273
Sitename,Koilomot locus 2,63,525.0,18.5270015219981,0.1875,0.9574468085106383
Sitename,Gesher Benot Ya'aqov,62,525.0,16.194143329187387,0.21428571428571427,0.9583333333333334
Sitename, Canteen Koppie,63,525.0,17.49310768784931,0.2,0.9583333333333334
Sitename,Porc epic,62,525.0,18.296613678514834,0.1875,0.9565217391304348
Sitename,Lomekwi 3,63,525.0,17.49310768784931,0.2,0.9583333333333334
Sitename,Lokalalei 2c,63,525.0,17.49310768784931,0.2,0.9583333333333334
Sitename,Kanjera,63,525.0,17.49310768784931,0.2,0.9583333333333334
Sitename,Olduvai Bed II BK,63,525.0,17.49310768784931,0.2,0.9583333333333334
Sitename,Olorgesaillie,63,525.0,17.49310768784931,0.2,0.9583333333333334
Sitename,Starr Carr,63,525.0,18.5270015219981,0.1875,0.9574468085106383
Sitename,Nahal Sekher VI,63,525.0,18.5270015219981,0.1875,0.9574468085106383
Sitename,Boxgrove,63,325.0,18.76591584341756,0.2631578947368421,0.9772727272727273
Sitename,Munzingen,63,525.0,18.5270015219981,0.1875,0.9574468085106383
Sitename,Geissenklosterle Cave Aurignacian,63,525.0,18.5270015219981,0.1875,0.9574468085106383
Sitename,Geissenklosterle Cave Gravettian,63,525.0,18.5270015219981,0.1875,0.9574468085106383
Sitename,Maitreaux ,63,525.0,18.5270015219981,0.1875,0.9574468085106383
Sitename,Garba Ivd,63,525.0,20.300701666155415,0.13333333333333333,0.9583333333333334
Sitename,Wallertheim West Concentration,63,525.0,18.5270015219981,0.1875,0.9574468085106383
Sitename,RHS-Mugulud Peninj,63,525.0,17.49310768784931,0.2,0.9583333333333334
Sitename,Torre in Pietra level M,63,525.0,20.710557636623555,0.1875,0.9787234042553191
Sitename,Torre in Pietra level D,63,525.0,18.5270015219981,0.1875,0.9574468085106383
Sitename,Hugub KK51,63,575.0,19.201265347223917,0.14285714285714285,0.9591836734693877
Sitename,NY 18 Nyabusosi,63,525.0,20.300701666155415,0.13333333333333333,0.9583333333333334
Sitename,Qesem Cave,63,525.0,18.5270015219981,0.1875,0.9574468085106383
Sitename,La Farressie,63,525.0,18.5270015219981,0.1875,0.9574468085106383
Sitename,Cueva Morin levels 9-10,63,525.0,18.5270015219981,0.1875,0.9574468085106383
Sitename,Hayonim cave level D. ,63,525.0,18.5270015219981,0.1875,0.9574468085106383
Sitename,Hawaiian adze reconstruction,63,525.0,18.5270015219981,0.1875,0.9574468085106383
Sitename,Ein Qashish,63,525.0,18.5270015219981,0.1875,0.9574468085106383
Sitename,Tabun IX D,63,525.0,18.5270015219981,0.1875,0.9574468085106383
Sitename,Jebel Gharbi SJ-00-58A,63,525.0,18.5270015219981,0.1875,0.9574468085106383
Sitename,Tor Faraj,63,525.0,18.5270015219981,0.1875,0.9574468085106383
Sitename,Jebel Irhoud,63,525.0,18.5270015219981,0.1875,0.9574468085106383
Sitename,Kathu Pan 1,63,525.0,20.300701666155415,0.13333333333333333,0.9583333333333334
Sitename,Amakomanak,63,525.0,18.5270015219981,0.1875,0.9574468085106383
Sitename,High River,63,525.0,18.5270015219981,0.1875,0.9574468085106383
Sitename,GhGk-63,63,525.0,18.5270015219981,0.1875,0.9574468085106383
Sitename,Sujula,63,525.0,18.5270015219981,0.1875,0.9574468085106383
Sitename,Reeve Ranch Ruin,63,525.0,18.5270015219981,0.1875,0.9574468085106383
Sitename,WKO013A,63,525.0,18.5270015219981,0.1875,0.9574468085106383
Sitename,Nor Geghi 1,63,325.0,18.76591584341756,0.2631578947368421,0.9772727272727273
Sitename,China Harbor,63,525.0,18.5270015219981,0.1875,0.9574468085106383
Sitename,Eel Point early,63,525.0,18.5270015219981,0.1875,0.9574468085106383
Sitename,GAC Layers 1-3,63,525.0,18.5270015219981,0.1875,0.9574468085106383
Sitename,GFJ,63,525.0,20.710557636623555,0.1875,0.9787234042553191
Sitename,Bokol Dora 1,63,525.0,17.49310768784931,0.2,0.9583333333333334
Sitename,Quincay cave,63,525.0,18.5270015219981,0.1875,0.9574468085106383
Sitename,Rocourt,63,525.0,18.5270015219981,0.1875,0.9574468085106383
Sitename,Champ Grande,63,525.0,18.5270015219981,0.1875,0.9574468085106383
Sitename,Shag River Mouth,63,525.0,18.5270015219981,0.1875,0.9574468085106383
Sitename,Su'ena,63,525.0,18.5270015219981,0.1875,0.9574468085106383
Sitename,Willaumez Peninsula,62,525.0,18.296613678514834,0.1875,0.9565217391304348
