contact_probability,duration_generations,duration_years,criterion,ignitions,replicates,ignition_probability,wilson_low,wilson_high,median_first_primary_year_if_any,median_final_repertoire,median_final_primary_fraction,median_final_cognition,median_final_infrastructure
0.002,40,1000,permissive,0,100,0.0,3.469446951953614e-18,0.03699349820698568,8250.0,4.8734375,0.0,0.27819953264786157,0.030715224378136098
0.002,40,1000,primary,0,100,0.0,3.469446951953614e-18,0.03699349820698568,8250.0,4.8734375,0.0,0.27819953264786157,0.030715224378136098
0.002,40,1000,strict,0,100,0.0,3.469446951953614e-18,0.03699349820698568,8250.0,4.8734375,0.0,0.27819953264786157,0.030715224378136098
0.02,40,1000,permissive,8,100,0.08,0.041093461484380624,0.14998107700948735,5750.0,7.5625,0.18125,0.3074618149709002,0.2003550790436337
0.02,40,1000,primary,4,100,0.04,0.01566330399154762,0.0983707143588792,5750.0,7.5625,0.18125,0.3074618149709002,0.2003550790436337
0.02,40,1000,strict,0,100,0.0,3.469446951953614e-18,0.03699349820698568,5750.0,7.5625,0.18125,0.3074618149709002,0.2003550790436337
0.03,40,1000,permissive,13,100,0.13,0.07757167427240512,0.20980351440076428,4450.0,9.4109375,0.25,0.3051771943600355,0.2730669316614188
0.03,40,1000,primary,10,100,0.1,0.0552291370606751,0.17436566150491345,4450.0,9.4109375,0.25,0.3051771943600355,0.2730669316614188
0.03,40,1000,strict,2,100,0.02,0.00550196755016235,0.07001179072854388,4450.0,9.4109375,0.25,0.3051771943600355,0.2730669316614188
0.04,40,1000,permissive,21,100,0.21,0.141656540619153,0.29979968834089865,3987.5,13.4390625,0.434375,0.34756746759313434,0.44707432466262254
0.04,40,1000,primary,17,100,0.17,0.10893566114059931,0.25548004767601123,3987.5,13.4390625,0.434375,0.34756746759313434,0.44707432466262254
0.04,40,1000,strict,3,100,0.03,0.010254524024038925,0.0845193642905276,3987.5,13.4390625,0.434375,0.34756746759313434,0.44707432466262254
0.05,40,1000,permissive,26,100,0.26,0.18404698464748132,0.3537098944918718,3950.0,13.240625,0.4015625,0.34231835591291393,0.43924479531361993
0.05,40,1000,primary,20,100,0.2,0.1333669333310325,0.2888291655931589,3950.0,13.240625,0.4015625,0.34231835591291393,0.43924479531361993
0.05,40,1000,strict,8,100,0.08,0.041093461484380624,0.14998107700948735,3950.0,13.240625,0.4015625,0.34231835591291393,0.43924479531361993
0.06,40,1000,permissive,38,100,0.38,0.29097599252478734,0.47790244704488916,3837.5,15.371875,0.5,0.37180554057257154,0.5123223812737057
0.06,40,1000,primary,30,100,0.3,0.2189488529493276,0.3958485463334666,3837.5,15.371875,0.5,0.37180554057257154,0.5123223812737057
0.06,40,1000,strict,15,100,0.15,0.0930598528365663,0.23283559590832364,3837.5,15.371875,0.5,0.37180554057257154,0.5123223812737057
0.08,40,1000,permissive,50,100,0.5,0.4038315303659956,0.5961684696340044,3725.0,17.2828125,0.5609375,0.3914333703419408,0.5741150179062682
0.08,40,1000,primary,43,100,0.43,0.33733298524110106,0.5278461045078768,3725.0,17.2828125,0.5609375,0.3914333703419408,0.5741150179062682
0.08,40,1000,strict,25,100,0.25,0.17545211362287672,0.34304463548061603,3725.0,17.2828125,0.5609375,0.3914333703419408,0.5741150179062682
0.1,40,1000,permissive,60,100,0.6,0.5020025867910618,0.6905987135675411,3625.0,20.8046875,0.6921875,0.43089118166646573,0.7157852121907007
0.1,40,1000,primary,57,100,0.57,0.47215389549212305,0.6626670147588988,3625.0,20.8046875,0.6921875,0.43089118166646573,0.7157852121907007
0.1,40,1000,strict,37,100,0.37,0.28182360534324524,0.4677947041905709,3625.0,20.8046875,0.6921875,0.43089118166646573,0.7157852121907007
0.12,40,1000,permissive,60,100,0.6,0.5020025867910618,0.6905987135675411,3725.0,21.678125,0.7437499999999999,0.44825288153310006,0.753826816197999
0.12,40,1000,primary,59,100,0.59,0.4920143005341078,0.6813268697886348,3725.0,21.678125,0.7437499999999999,0.44825288153310006,0.753826816197999
0.12,40,1000,strict,47,100,0.47,0.3751081795934127,0.5671114302990063,3725.0,21.678125,0.7437499999999999,0.44825288153310006,0.753826816197999
0.002,60,1500,permissive,0,100,0.0,3.469446951953614e-18,0.03699349820698568,8962.5,4.834375,0.0,0.2772469988424678,0.02918643666630675
0.002,60,1500,primary,0,100,0.0,3.469446951953614e-18,0.03699349820698568,8962.5,4.834375,0.0,0.2772469988424678,0.02918643666630675
0.002,60,1500,strict,0,100,0.0,3.469446951953614e-18,0.03699349820698568,8962.5,4.834375,0.0,0.2772469988424678,0.02918643666630675
0.02,60,1500,permissive,14,100,0.14,0.08526343659939134,0.22137188210963837,4350.0,12.032812499999999,0.371875,0.3246926436742985,0.3869561023451511
0.02,60,1500,primary,4,100,0.04,0.01566330399154762,0.0983707143588792,4350.0,12.032812499999999,0.371875,0.3246926436742985,0.3869561023451511
0.02,60,1500,strict,0,100,0.0,3.469446951953614e-18,0.03699349820698568,4350.0,12.032812499999999,0.371875,0.3246926436742985,0.3869561023451511
0.03,60,1500,permissive,35,100,0.35,0.26364248243097527,0.44745556703112027,4075.0,14.503125,0.4375,0.3537078537097214,0.46829275560297057
0.03,60,1500,primary,25,100,0.25,0.17545211362287672,0.34304463548061603,4075.0,14.503125,0.4375,0.3537078537097214,0.46829275560297057
0.03,60,1500,strict,8,100,0.08,0.041093461484380624,0.14998107700948735,4075.0,14.503125,0.4375,0.3537078537097214,0.46829275560297057
0.04,60,1500,permissive,38,100,0.38,0.29097599252478734,0.47790244704488916,4100.0,15.545312500000001,0.4984375,0.3714440749764116,0.5126003703929827
0.04,60,1500,primary,33,100,0.33,0.24563122734128034,0.4269465620490947,4100.0,15.545312500000001,0.4984375,0.3714440749764116,0.5126003703929827
0.04,60,1500,strict,19,100,0.19,0.12514751509768735,0.27778845379064376,4100.0,15.545312500000001,0.4984375,0.3714440749764116,0.5126003703929827
0.05,60,1500,permissive,55,100,0.55,0.45244602997442135,0.6438546202048803,4000.0,18.0921875,0.59375,0.4003991661449313,0.603615148238103
0.05,60,1500,primary,45,100,0.45,0.3561453797951198,0.5475539700255787,4000.0,18.0921875,0.59375,0.4003991661449313,0.603615148238103
0.05,60,1500,strict,27,100,0.27,0.1926958414957634,0.36432116767944994,4000.0,18.0921875,0.59375,0.4003991661449313,0.603615148238103
0.06,60,1500,permissive,68,100,0.68,0.5833738138954762,0.7633085267500092,3725.0,22.8421875,0.7796875,0.4673152672669476,0.7921327288915957
0.06,60,1500,primary,63,100,0.63,0.5322052958094291,0.7181763946567546,3725.0,22.8421875,0.7796875,0.4673152672669476,0.7921327288915957
0.06,60,1500,strict,49,100,0.49,0.3942199893044113,0.5865198806597283,3725.0,22.8421875,0.7796875,0.4673152672669476,0.7921327288915957
0.08,60,1500,permissive,80,100,0.8,0.7111708344068411,0.8666330666689676,3750.0,25.2296875,0.8734375,0.489218613376442,0.8767284934413375
0.08,60,1500,primary,73,100,0.73,0.6356788323205499,0.8073041585042365,3750.0,25.2296875,0.8734375,0.489218613376442,0.8767284934413375
0.08,60,1500,strict,60,100,0.6,0.5020025867910618,0.6905987135675411,3750.0,25.2296875,0.8734375,0.489218613376442,0.8767284934413375
0.1,60,1500,permissive,81,100,0.81,0.7222115462093562,0.8748524849023126,3650.0,27.4578125,0.99375,0.5196901264842262,0.9972568268172295
0.1,60,1500,primary,79,100,0.79,0.7002003116591013,0.858343459380847,3650.0,27.4578125,0.99375,0.5196901264842262,0.9972568268172295
0.1,60,1500,strict,77,100,0.77,0.6784561697712622,0.8415673411969654,3650.0,27.4578125,0.99375,0.5196901264842262,0.9972568268172295
0.12,60,1500,permissive,88,100,0.88,0.8018790057328857,0.9300059356298052,3675.0,27.6125,0.996875,0.5275600572533236,0.9973434080448175
0.12,60,1500,primary,86,100,0.86,0.7786281178903616,0.9147365634006086,3675.0,27.6125,0.996875,0.5275600572533236,0.9973434080448175
0.12,60,1500,strict,80,100,0.8,0.7111708344068411,0.8666330666689676,3675.0,27.6125,0.996875,0.5275600572533236,0.9973434080448175
0.002,80,2000,permissive,1,100,0.01,0.0017674320641406505,0.054486196178705315,8162.5,4.8828125,0.0,0.2780049246367374,0.03652486669154416
0.002,80,2000,primary,0,100,0.0,3.469446951953614e-18,0.03699349820698568,8162.5,4.8828125,0.0,0.2780049246367374,0.03652486669154416
0.002,80,2000,strict,0,100,0.0,3.469446951953614e-18,0.03699349820698568,8162.5,4.8828125,0.0,0.2780049246367374,0.03652486669154416
0.02,80,2000,permissive,27,100,0.27,0.1926958414957634,0.36432116767944994,4525.0,11.078125,0.3125,0.32531278939593333,0.33216028694227817
0.02,80,2000,primary,19,100,0.19,0.12514751509768735,0.27778845379064376,4525.0,11.078125,0.3125,0.32531278939593333,0.33216028694227817
0.02,80,2000,strict,6,100,0.06,0.027786123963188192,0.1247681544589592,4525.0,11.078125,0.3125,0.32531278939593333,0.33216028694227817
0.03,80,2000,permissive,43,100,0.43,0.33733298524110106,0.5278461045078768,4400.0,15.590625,0.5,0.37824819517695685,0.5131358665309
0.03,80,2000,primary,32,100,0.32,0.23669147324999093,0.41662618610452384,4400.0,15.590625,0.5,0.37824819517695685,0.5131358665309
0.03,80,2000,strict,13,100,0.13,0.07757167427240512,0.20980351440076428,4400.0,15.590625,0.5,0.37824819517695685,0.5131358665309
0.04,80,2000,permissive,72,100,0.72,0.6251197129007884,0.7986031478881379,4075.0,21.68125,0.746875,0.4387828775915914,0.7533245335993874
0.04,80,2000,primary,67,100,0.67,0.5730534379509052,0.7543687726587197,4075.0,21.68125,0.746875,0.4387828775915914,0.7533245335993874
0.04,80,2000,strict,41,100,0.41,0.3186731302113651,0.5079856994658921,4075.0,21.68125,0.746875,0.4387828775915914,0.7533245335993874
0.05,80,2000,permissive,81,100,0.81,0.7222115462093562,0.8748524849023126,3900.0,24.3890625,0.871875,0.47255360515257666,0.8746285728483519
0.05,80,2000,primary,76,100,0.76,0.6676766365018553,0.8330867444305122,3900.0,24.3890625,0.871875,0.47255360515257666,0.8746285728483519
0.05,80,2000,strict,56,100,0.56,0.4622810465167699,0.6532797336983921,3900.0,24.3890625,0.871875,0.47255360515257666,0.8746285728483519
0.06,80,2000,permissive,79,100,0.79,0.7002003116591013,0.858343459380847,3825.0,26.1421875,0.934375,0.5018189456991065,0.9363385015782422
0.06,80,2000,primary,77,100,0.77,0.6784561697712622,0.8415673411969654,3825.0,26.1421875,0.934375,0.5018189456991065,0.9363385015782422
0.06,80,2000,strict,64,100,0.64,0.5423540245160874,0.7272877959859567,3825.0,26.1421875,0.934375,0.5018189456991065,0.9363385015782422
0.08,80,2000,permissive,89,100,0.89,0.8136870349691969,0.9374580364293543,3737.5,27.4671875,0.99375,0.5211734693320131,0.9972614941862274
0.08,80,2000,primary,88,100,0.88,0.8018790057328857,0.9300059356298052,3737.5,27.4671875,0.99375,0.5211734693320131,0.9972614941862274
0.08,80,2000,strict,83,100,0.83,0.7445199523239887,0.8910643388594006,3737.5,27.4671875,0.99375,0.5211734693320131,0.9972614941862274
0.1,80,2000,permissive,89,100,0.89,0.8136870349691969,0.9374580364293543,3775.0,27.6109375,0.996875,0.5251491279657257,0.9973048247224767
0.1,80,2000,primary,89,100,0.89,0.8136870349691969,0.9374580364293543,3775.0,27.6109375,0.996875,0.5251491279657257,0.9973048247224767
0.1,80,2000,strict,87,100,0.87,0.7901964855992357,0.9224283257275948,3775.0,27.6109375,0.996875,0.5251491279657257,0.9973048247224767
0.12,80,2000,permissive,94,100,0.94,0.8752318455410406,0.9722138760368118,3700.0,27.714062499999997,0.996875,0.5431761836695896,0.9973886669770278
0.12,80,2000,primary,94,100,0.94,0.8752318455410406,0.9722138760368118,3700.0,27.714062499999997,0.996875,0.5431761836695896,0.9973886669770278
0.12,80,2000,strict,93,100,0.93,0.8625048526092651,0.9656807389327273,3700.0,27.714062499999997,0.996875,0.5431761836695896,0.9973886669770278
