contact_probability,duration_generations,learn_base,learn_cognition,level_difficulty,teaching_max,innovation_rate,non_speciality_factor,skill_fitness_benefit,brain_cost,extra_models_max,recombination_strength,migration_scale,infrastructure_steepness,primary_ignitions,replicates,primary_probability,permissive_probability,strict_probability,median_final_repertoire,median_final_primary_fraction
0.18963471391586217,99.99851420587619,0.6448646232877814,0.3091891074810758,0.07322923646470422,0.1872429115299097,0.680980360056032,0.0009481437266764575,0.09672899500169302,0.618332617269427,1.1486104688252659,2.9561869222306907,0.07579017519975215,16.222981858614737,0,3,0.0,0.0,0.0,4.13125,0.0
0.064301119277831,73.88677688344217,0.687225505735264,0.28214823716556714,0.06832762406028198,0.1598704968742022,0.40142002570516677,0.004966831821211464,0.1070114748114037,0.7931906807670293,2.4047733755563474,3.8623084111059613,0.002061104031099494,7.223821390225914,0,3,0.0,0.0,0.0,4.453125,0.0
0.04726736795615448,56.68259686891206,0.6066790811419532,0.2978364152082774,0.059607691126261186,0.33922102170869495,0.5334022995219627,0.0005070605809436086,0.11495467959250849,0.4167911665657571,0.7183319641358354,2.6538090096810096,0.04221674962657505,14.420446102807382,0,3,0.0,0.0,0.0,4.775,0.0
0.11743107479603117,32.55292226556936,0.6941249433368479,0.38417286847581067,0.07558075165057157,0.24512426494948947,0.4475114950973814,0.0011552547482779106,0.03885503885328245,0.5640270964811159,3.3358982819155436,5.110383751753288,0.06430239166069217,17.539806949230776,0,3,0.0,0.0,0.0,6.053125,0.05625
0.13984977370830107,83.55330782094697,0.6091634872934985,0.32171272674420304,0.04329092728310176,0.1282768853854561,0.4256682103020989,0.011559718262404735,0.035616500373965146,0.3901756403971007,0.42987250213933614,7.353011133252254,0.025252803275009866,11.058445117233207,0,3,0.0,0.0,0.0,3.896875,0.0
0.1667219035076763,45.22400288983728,0.6530422105117835,0.3811608246467397,0.07017855434221876,0.00883448745983852,0.4711487339037028,0.0031186084382867243,0.03360862565489898,0.43850184605721576,4.4610691892263326,0.9231914855521994,0.03497870067860208,17.448517228444402,0,3,0.0,0.0,0.0,4.20625,0.0
0.06188306498018742,38.828325078570614,0.6695009178695674,0.2046530299215975,0.042216846017342116,0.14931565141656378,0.60214452627107,0.010547676730736751,0.0984362070810778,0.38349288577204,6.7882414218160765,0.5481109240117271,0.020244008307332962,9.069936793584478,0,3,0.0,0.0,0.0,11.203125,0.24375
0.15040345183579484,21.963147739180503,0.6439727030146648,0.3295076585187443,0.07862826819056237,0.2651604743577793,0.37528535746560765,0.00481868225869482,0.034951867572132915,0.5615225173113694,3.9818558134055007,5.0748622540813715,0.05834597829012087,11.766816344795073,0,3,0.0,0.0,0.0,3.74375,0.0
0.17485853736567147,24.562936388202736,0.6592041028271101,0.35232347753828164,0.05206723262443043,0.37268283608429265,0.36040417063979385,0.0068118182804406515,0.034406464092950735,0.725784675440023,2.1896209737699217,0.42894086747327353,0.059266221172632305,14.547683740165017,0,3,0.0,0.0,0.0,5.6,0.05
0.037039618032796796,35.05530293751489,0.6914374344321255,0.4170116050032898,0.04345140657904241,0.31499529524795705,0.7657420788221645,0.000306814257884082,0.03923059418786371,0.35585052515465176,5.759588073232474,0.9648361890444076,0.05247863905671665,14.070002643502939,3,3,1.0,1.0,1.0,28.821875,0.996875
0.10084528844905792,44.36102357846835,0.6323475272807452,0.2946454069888426,0.0465822672803876,0.0943750841701696,0.6055580412847288,0.00955027138684728,0.03654063677788779,0.46562158107863877,5.774644156471588,7.611349752492972,0.05580112697185988,13.577180914415582,0,3,0.0,0.0,0.0,4.10625,0.0
0.05201517401802753,92.46008087094853,0.6761193157271147,0.2826290295413725,0.06822350646916236,0.21775895318430216,0.5735795415576146,0.0010123746672277966,0.07808120076605332,0.7902733120074903,0.6831405368852732,1.1702214906350026,0.07051347253904515,11.218244485982797,0,3,0.0,0.0,0.0,4.178125,0.0
0.12922636215961514,76.30028882473263,0.6824024655862441,0.3668976866762338,0.07646172476711496,0.1303021345343875,0.6743566836955311,0.0008584429727061122,0.10997002768036566,0.48344513330464234,2.9845251666095356,2.256577152651782,0.07939785421438321,13.236770538651706,3,3,1.0,1.0,1.0,25.221875,0.990625
0.1239349244523164,81.5151311801597,0.6971512810541219,0.3597989994657246,0.042175965131227025,0.013825083307018763,0.5192390806509033,0.00010532763604347664,0.04209199007232652,0.6199353121273175,6.187575614058035,4.622171750716315,0.05646178639513749,16.36477005369589,0,3,0.0,0.0,0.0,7.921875,0.065625
0.19512483437884798,27.337972564673038,0.6215908661000882,0.2861949506033983,0.06386712659169744,0.25424057530981514,0.6535181065980218,0.00035230467733352277,0.06026749032970474,0.7075691775703936,4.11420712656447,5.058878820368035,0.0513139253920879,14.26639258689513,0,3,0.0,0.0,0.0,3.60625,0.0
0.08360985906024754,48.022321797925976,0.6394648597233988,0.2769211475130359,0.05890421112707879,0.3968167606308797,0.47643485177980566,0.002932266860157085,0.06690665835911844,0.6320946796443212,4.737698775736774,7.799530263425938,0.06288240456595881,16.783668456088655,0,3,0.0,0.0,0.0,3.74375,0.0
0.17597731210104048,86.97908326034799,0.6291888413464208,0.21537265754700108,0.048673295294690624,0.16692179536609153,0.46257333229503284,0.01768346519937118,0.0669920728143189,0.31140194592877424,1.2222227469728146,8.079719308620323,0.05540911347911044,9.013129356354154,0,3,0.0,0.0,0.0,4.121875,0.0
0.13640540804242055,78.139798358928,0.6380436770138593,0.32534631311064743,0.04943315082219133,0.01748632340851696,0.3787610165615434,0.002865406634937349,0.07637109630977347,0.7248733475097836,2.619515978359247,6.088927636344611,0.0530022224714041,6.506244758664025,0,3,0.0,0.0,0.0,4.296875,0.0
0.034489366756439495,99.27612471270221,0.6259030098650443,0.2663474041537292,0.049627287232033315,0.34108527215811646,0.5907005848798514,0.00021152703016740748,0.10038040148745027,0.7966039997853953,2.543212005804114,3.0462447597665046,0.08168418960213979,14.832586012398552,0,3,0.0,0.0,0.0,3.771875,0.0
0.18506339931552285,58.90028553113985,0.6912813441456004,0.39146612529345987,0.07423421372068795,0.0032045710117107637,0.7126742090150701,0.0002867438627196893,0.09948694763388147,0.32491133444480985,3.054285223821771,3.7382282335701182,0.04260144720614447,12.775301828348175,2,3,0.6666666666666666,0.6666666666666666,0.0,19.40625,0.8
0.05437760383444753,41.302793693071465,0.6074948816566127,0.2062009011591957,0.05566231099431998,0.3950892836149707,0.6513491786614674,0.000658313851030038,0.08467940041388666,0.6931472700466721,4.9131392788514425,1.6095147274410193,0.03326887693835334,13.094290290540714,0,3,0.0,0.0,0.0,3.559375,0.0
0.07595129188189931,52.95146472054152,0.6367063856150493,0.3599622927433732,0.07798824739338363,0.2990171837581998,0.6421782431993871,0.00021024156886943927,0.11061715140835118,0.6958222426036567,2.708713861731041,5.238203499614678,0.08443290611359938,8.411749005395201,0,3,0.0,0.0,0.0,4.865625,0.009375
0.11045968242714359,67.81234359980175,0.6660579686658687,0.20924516185046904,0.060473903583112415,0.25756685795826306,0.3920361034586991,0.0006738859135724201,0.07215661857366182,0.553608109144746,4.6979789491450035,4.201242167095208,0.07403868869017624,15.153789353315004,0,3,0.0,0.0,0.0,4.00625,0.0
0.09928995134538274,87.83546250401793,0.6145013816826975,0.2521133483447416,0.0789663943692493,0.33524030161244966,0.55490318267574,0.007859070158278582,0.0456520659831865,0.45225390457150294,3.019411459143896,2.578127192264346,0.04683929490210947,7.626876224541237,0,3,0.0,0.0,0.0,3.5375,0.0
0.12082939783729849,58.13988430794469,0.6189170877227372,0.21354768124361884,0.06088842466849577,0.13992707496472134,0.5422416887997171,0.009779900380857692,0.06311658739259216,0.4901803679067869,2.1209163222628797,4.770694678098903,0.02469773616599091,11.460212392421067,0,3,0.0,0.0,0.0,3.428125,0.0
0.04083653022239574,71.28757647546217,0.655550181408951,0.3355854286215195,0.07249145929329295,0.3326383716570376,0.6250101386101498,0.0054632158942954,0.03482497358335854,0.46604205960593914,3.9519782479429497,3.550049588459187,0.09302108916841584,11.965941448599901,0,3,0.0,0.0,0.0,4.615625,0.0
0.08964960343105657,32.88389884879008,0.6733429280670948,0.2213650640812744,0.045261619540297476,0.1809204750274104,0.4674595013469957,0.0003245950074808205,0.07487594637906403,0.5139737222869352,4.150799074906823,7.093228152405232,0.0058137044633496775,13.378330267876608,0,3,0.0,0.0,0.0,5.321875,0.0
0.024054753402127635,84.93892299987527,0.6241190489448412,0.23369653096232237,0.053438212962140304,0.1269735463842607,0.7843408467002637,0.018930793176820414,0.07392349123057435,0.6280240281264572,3.6480909928229193,3.5715136864394808,0.06766413410355722,10.257969706350943,0,3,0.0,0.0,0.0,3.875,0.0
0.10749278101851928,34.446195096748816,0.6407800794130937,0.3682418063319213,0.05871300716177917,0.18983813038246175,0.5864361355737984,0.006047613000854745,0.0799101618083933,0.3851553277415944,0.5982219039535103,0.4941892137683317,0.061794659574452605,6.244651402291744,0,3,0.0,0.0,0.0,13.290625,0.428125
0.007557040848529668,42.5581038591159,0.6707889647297596,0.28083749354969934,0.04776001643465659,0.01031135937021279,0.47271388717022833,0.006851008437008348,0.05532402046735356,0.32811609258154895,5.487641425582639,4.843880801495398,0.06600200506281152,16.906361787282215,0,3,0.0,0.0,0.0,5.678125,0.0
0.11230750095076455,84.36211195980663,0.6739183541964449,0.23131352577086053,0.0508985447873126,0.3094988532787837,0.7314940276254946,0.015654470231965232,0.06897176431912072,0.7732039731585962,3.686378166088336,8.788983809801154,0.03887814218257479,16.15047818121824,1,3,0.3333333333333333,0.3333333333333333,0.0,12.8625,0.375
0.1079537222058194,92.53943153404363,0.6635320882689977,0.33894980715712075,0.07164048657178052,0.22040254553384836,0.366993897462995,0.00011269858220786731,0.07867209541889264,0.31406685319239247,3.1393559742934887,6.052269630156322,0.012828595065902322,12.381474595869854,2,3,0.6666666666666666,0.6666666666666666,0.6666666666666666,24.9375,0.93125
0.043476155794621975,44.72954290730242,0.6612571909299364,0.30821730371309686,0.0626427070876838,0.3820639977095951,0.7935912229950038,0.00734993131702786,0.07028985763229977,0.714663176123636,1.9125134001369128,4.422005606064481,0.020451879634838684,12.836740112778868,0,3,0.0,0.0,0.0,7.3875,0.125
0.06731370264011882,89.63969296005746,0.6864651303678296,0.23893184831748823,0.052934715430294,0.15641754191931867,0.3584597431543881,0.009946933140235554,0.03678804688559993,0.5276437191284071,1.6816220219374243,5.293424678500407,0.065148927753229,7.87543845188358,0,3,0.0,0.0,0.0,4.53125,0.0
0.1152015060543249,91.46519968732476,0.6972939994391127,0.35601921102110545,0.053603871722565685,0.026970578060413267,0.7612903230355392,0.006225486725170214,0.07600542014702613,0.7858914276366963,2.0040722496714096,7.49796223157184,0.059519349000270685,6.158233338890225,0,3,0.0,0.0,0.0,8.38125,0.046875
0.17820004468579975,72.31300776893976,0.6964012758969381,0.3258253916233659,0.05643203138774399,0.24773968006817776,0.5324935261017439,0.007676858256234906,0.08252518453389028,0.30168283708955285,0.6407950951454322,2.786066457618154,0.009573239144064105,15.68902371230025,3,3,1.0,1.0,1.0,28.103125,1.0
0.18929832150838943,27.796528678789183,0.679175756702151,0.3949942564134134,0.06682678770947437,0.1700320069727937,0.7164347714619743,0.00040661895918948595,0.058037333558597755,0.45521488416403644,4.97381761060009,0.3210930904127214,0.04600183906929393,9.357524429690944,2,3,0.6666666666666666,1.0,0.6666666666666666,24.84375,0.928125
0.1456167467885291,77.83696185084958,0.6743708339746628,0.21117768250864155,0.05331553556815371,0.27464150968018264,0.7983142424813849,0.0011903425142420548,0.03171131636833202,0.6809749300964953,1.0412074969183613,1.1010043894207138,0.015067834457450628,6.594138818386306,0,3,0.0,0.0,0.0,4.240625,0.0
0.008663426423375491,66.51086371950858,0.647949328274351,0.2108351155813714,0.04933200591667203,0.1133766955671771,0.7666367007732992,0.00152934599959316,0.09044667275747366,0.7369799013005074,2.963823412447138,5.8588612115477,0.02568159955676635,17.504274301054515,0,3,0.0,0.0,0.0,4.065625,0.0
0.0570170340436758,55.0329241232482,0.6056210938151775,0.4126791723788301,0.05228107963207146,0.27613119641622275,0.43557178750146147,0.019997849381737345,0.11291091402042652,0.6879379740143253,0.10636531372583413,3.872424178548101,0.044647175618852175,7.286861456031639,0,3,0.0,0.0,0.0,12.665625,0.371875
0.0792681812607514,75.64188529920327,0.6294869253742401,0.41833694560774104,0.07445835158244773,0.3079392928599738,0.40088210559592174,0.00014779101414675647,0.04880506686960252,0.789049984183654,4.892142730686537,7.937368385038519,0.005392692507927494,12.922662976052887,0,3,0.0,0.0,0.0,3.86875,0.0
0.04992486035076476,79.07031215883052,0.6977308068618465,0.2776831773246262,0.04538860413447688,0.2881858855524045,0.5779034319944254,0.0004993043919751819,0.10341239647069819,0.7312783247300447,3.0876907379866942,4.0331862591886525,0.05890257184927227,13.7340318177131,3,3,1.0,1.0,1.0,28.175,1.0
0.16888212299716768,34.36546834557163,0.6685282603420499,0.2549587653436163,0.06803197403970783,0.22711792585488066,0.7704414579954464,0.00010397404236719826,0.08873810361293086,0.47990612013095246,4.084667850298733,4.972414508249955,0.051112900083601254,15.63061096649854,0,3,0.0,0.0,0.0,4.384375,0.0
0.1827254773623466,86.63434218463132,0.6807112223157178,0.24696359585524644,0.07777051414010532,0.19395097069648415,0.41556300091792425,0.013745936183277215,0.08207678115927297,0.309566137700256,3.57090440950357,6.311224670202808,0.017320283675348363,16.94590013320679,0,3,0.0,0.0,0.0,6.203125,0.09375
0.1161910668820327,48.53851547212966,0.672412225582196,0.32279586925245274,0.05528532359364893,0.22268533876391242,0.45786870736349844,0.0023308600425491167,0.0860496420468726,0.6121189187139506,6.131166748513518,7.700126430864541,0.06041403395408086,14.627992338261537,1,3,0.3333333333333333,0.3333333333333333,0.3333333333333333,18.46875,0.615625
0.06511069411813106,53.42872896204795,0.6727724586566969,0.37808217064355076,0.06459368873130023,0.3576698202761431,0.3927460963473052,0.003227965259635344,0.057660238284080054,0.7378113250723408,1.6628288093826384,7.996107671764409,0.07471517999057561,8.032607238372961,3,3,1.0,1.0,1.0,27.071875,0.990625
0.10303596241190277,38.58838134314688,0.6088321746611128,0.38363329307158534,0.05383690037188416,0.23063024324245962,0.39735748015537886,0.013344871846742547,0.050900788089797894,0.747397571412938,2.8768809578308887,2.9952762943678275,0.08433331869673111,16.720977756480362,0,3,0.0,0.0,0.0,3.746875,0.0
0.18849494067514455,36.77955072798494,0.6117509527204523,0.21933910557725686,0.07395148386610964,0.19770111179020303,0.3743279245082714,0.0013072009276928463,0.06077146311313763,0.4713977802865128,4.202230739605216,5.716044319928148,0.053178096324433405,16.872743584371612,0,3,0.0,0.0,0.0,3.215625,0.0
0.14787458395389452,78.6651313450441,0.6855545216952004,0.22679895190627986,0.06894279333052189,0.20941159880419527,0.615369615243335,0.005324366907701175,0.09991287529094678,0.5848822759400958,5.10538643688413,4.12947628776538,0.07425205353990465,7.357205079699545,0,3,0.0,0.0,0.0,5.8,0.0
0.19030275418598266,82.14296581492749,0.6690483118918513,0.3519146251596375,0.06945990526365707,0.3717676612058564,0.37256887796547017,0.0019703994371391993,0.03227338116844837,0.45719826496334626,4.397793767145547,6.861076450268394,0.08893429616277952,14.022366547234647,2,3,0.6666666666666666,0.6666666666666666,0.6666666666666666,26.86875,0.9875
0.020855243473596376,50.919454012469046,0.6298578815394411,0.30904738422338457,0.04855244109159848,0.22439663438428356,0.45248579388034255,0.001828221306913035,0.04495620214387323,0.4108397487465668,6.3936937159447655,4.248873032431153,0.04151342092752054,17.41780262239068,0,3,0.0,0.0,0.0,4.296875,0.0
0.07390359580030463,48.14836151132289,0.6747536181549207,0.29319851256810237,0.06978207032353814,0.2456881774675956,0.3801467799853075,0.0007240198200688385,0.03877137564282844,0.7722284336468171,6.910232704577112,6.707679174362639,0.06155246345410094,10.67416375493083,0,3,0.0,0.0,0.0,4.103125,0.0
0.15093335815352804,76.63799864858754,0.684958384858965,0.28564822487812813,0.0706173674352597,0.2072353148127143,0.6236042842721932,0.0006953778910159409,0.06256312761101646,0.7087654936000797,5.520516943985749,6.831337232730349,0.08695843826219359,13.895653169116304,0,3,0.0,0.0,0.0,4.390625,0.0
0.005046774808534183,71.87820936239261,0.6245227537246636,0.22301244587797397,0.06607369032914172,0.052666173660363504,0.7241339487876577,0.0040133366525766535,0.11238852387175378,0.3514862273005359,6.6349384963224445,1.5595730651298068,0.013518680312025669,15.435385266461426,0,3,0.0,0.0,0.0,4.10625,0.0
0.08163631765405588,23.649112667437624,0.6096195589014971,0.25914496067165593,0.041048635240806666,0.30552808694294237,0.6578624473621681,0.002467001158514098,0.03054874200297306,0.7828496878614433,6.489822072172939,8.02880427860179,0.004443103945762142,17.329585954747213,0,3,0.0,0.0,0.0,3.559375,0.0
0.0919513186760451,46.02901964749773,0.6362440244240545,0.2258934537542421,0.061022469372680896,0.3437584772363326,0.611417495812959,0.011785531981824368,0.08126419179048533,0.5997735640547931,1.371935246825702,0.7625997726150263,0.044952200350017076,8.616296796052984,0,3,0.0,0.0,0.0,3.725,0.0
0.021684824567889,57.155663552333706,0.6626958972083722,0.2727619087651205,0.061689646304433694,0.09116033932600458,0.5280910315947989,0.002401413879367261,0.10645954480453104,0.7336237051476983,0.5211390402623095,2.561925187467626,0.06991681189779472,8.912074574084535,0,3,0.0,0.0,0.0,4.003125,0.0
0.16739870230756063,82.84285671086755,0.6432658668572474,0.2791860995873784,0.04144548463197326,0.22954512594174728,0.6870924442106414,0.0008631227104918259,0.08933073296346794,0.36620548509509887,2.079769619197839,1.2125128460853762,0.07347859234741409,12.09429909922665,1,3,0.3333333333333333,0.3333333333333333,0.3333333333333333,18.51875,0.61875
0.016533396292405498,31.77588876967566,0.6046570624070761,0.2567271124766203,0.07215815577728471,0.1934419109896598,0.7031637177888674,0.0003307167611650048,0.09763224403331376,0.40743455977056847,1.2553180721013846,5.747441421115813,0.05386411482309797,7.982690315239248,0,3,0.0,0.0,0.0,3.8125,0.0
0.10692053278862403,22.99079390689632,0.6059443032335458,0.3813642745684936,0.07789854570088597,0.21358793115207686,0.4997818559414743,0.008749025844190713,0.11527950024441455,0.6782229295407594,6.525558794067906,6.175797286676564,0.07990152557198696,12.047095390733123,0,3,0.0,0.0,0.0,4.196875,0.0
0.041568115125652345,22.51637381270372,0.693269817197132,0.39695415151255453,0.06623494253007794,0.3484318389819263,0.7911423316863859,0.018551875457027207,0.10087455947182843,0.49498220371434465,6.075948613725057,1.6638090231934175,0.0033619702694267875,8.726479300268604,3,3,1.0,1.0,1.0,28.653125,1.0
0.07718862537487987,92.88151772538241,0.6878298841665876,0.3073452973986628,0.040866999588083375,0.10075469484640948,0.7817605205336238,0.00022698850559032095,0.09369283224908674,0.7279712772487614,1.6096643895406333,3.2122545910116354,0.019562008340489934,16.74290651381137,0,3,0.0,0.0,0.0,10.9125,0.25
0.15876109742128766,63.32830857247324,0.6237655216831947,0.36966462363662866,0.07966262849545419,0.005575680057587236,0.6182108319009249,0.008532156535993145,0.11708956528691332,0.7813395025476952,0.3410365580229559,0.7753767538463228,0.0718102271276104,10.75429137392259,0,3,0.0,0.0,0.0,3.96875,0.0
0.06521101335043214,85.56427936799237,0.6657492360010804,0.3032417306252895,0.05327588342254361,0.0855349387916165,0.7827408979131281,0.0002399995062604566,0.062095075773384426,0.6728553488851763,0.12706726544079397,8.685734957681193,0.06649806048705363,13.536639778341408,0,3,0.0,0.0,0.0,4.575,0.0
0.09053207786880067,91.82005871138212,0.6949140748779469,0.37529725021744387,0.043623977529991094,0.24974176518482422,0.45493409280136166,0.0014006972315242696,0.03962561117969782,0.5057256534142756,3.5035465293353103,0.24806477347904393,0.08536372648256384,6.407525673273099,3,3,1.0,1.0,1.0,27.7625,0.99375
0.09749929144414154,30.060384818367787,0.6640307795340686,0.2079415303915904,0.06559501429724612,0.18535554724384065,0.5393730770266649,0.015071693381483571,0.060952497029879774,0.5435342349287062,1.1291268587712073,6.807518097437548,0.06552126822301822,12.73846516510819,0,3,0.0,0.0,0.0,3.9375,0.0
0.1631050904735229,88.37353848278799,0.650605930715348,0.4065214391949369,0.07467839518430498,0.3756385136334741,0.4881558637879989,0.010175075358386052,0.11470841848474239,0.6149035991508105,4.802395977239367,4.9960948294761405,0.06381287538084848,14.489492819933524,3,3,1.0,1.0,1.0,28.0875,1.0
0.1318449389753408,62.01368690334867,0.6280195432773175,0.2735729146466734,0.07565988559277388,0.06679408428928506,0.7208601669470042,0.00215828563384189,0.09681345957132663,0.5037433249766295,0.8414544154759593,6.488497019438191,0.022532078630898282,8.708787328051665,0,3,0.0,0.0,0.0,3.94375,0.0
0.17756764875360562,54.43553992060057,0.6456901750343034,0.251534244044074,0.06745545441434467,0.2626933515777314,0.7010144298713673,0.00014206485855932334,0.09233229752411515,0.6413167560653473,0.4643984508719081,2.9260731550922645,0.03730354386719281,15.704359758428534,0,3,0.0,0.0,0.0,4.0,0.0
0.13288317444811235,44.56243924570286,0.68963515679393,0.23856858621330634,0.0737789114341396,0.3640266605771497,0.7913100443334552,0.007488733122854737,0.05525768668761444,0.6741620715932626,0.18605089962166155,6.405163719580869,0.09647021575954323,17.858352245139287,0,3,0.0,0.0,0.0,4.365625,0.0
0.04455826662375289,70.97590940673012,0.6851619288889363,0.20045141720897908,0.06953775262451861,0.2373444868013142,0.42874618257123465,0.0005197951260321705,0.08168175107440045,0.5623636903219387,4.99049988732499,1.4628747362543777,0.005984972967979833,12.52057742652691,0,3,0.0,0.0,0.0,4.14375,0.0
0.062200599910510926,23.85046213446083,0.6473194130613231,0.40414688209173144,0.05899977955905744,0.0549534302796071,0.6339455945851598,0.0013300670209570105,0.03297443407237097,0.5241449004246999,6.713419309249997,0.8829188051200216,0.0578161343613144,6.929578261075802,0,3,0.0,0.0,0.0,6.153125,0.0
0.013715869885345348,26.949989321540308,0.6502356687614245,0.2356793751760891,0.07726083750621554,0.11535194787816123,0.545546050697518,0.006321053310206556,0.11186569507274373,0.4239855840558725,6.2317773059914305,1.1405659596412554,0.06085837962805377,9.694158549041473,0,3,0.0,0.0,0.0,4.046875,0.0
0.08813855390878973,56.4385038088468,0.616576403301716,0.4072445044058126,0.0549712956770775,0.3586348463175799,0.38426391885455513,0.001679469535230539,0.05483624227687075,0.7057315427704326,2.164161602990662,4.29132106841728,0.015234564387673167,13.34712807144658,0,3,0.0,0.0,0.0,5.91875,0.10625
0.1524889080794292,50.976747963610975,0.6356897844476894,0.24014816899531377,0.04179879072502059,0.33363610275071287,0.6403213696038944,0.00018457436332173217,0.04604413284777378,0.6505706583272718,2.337358732770973,0.9908668660762353,0.03126584588063611,8.093157754114467,0,3,0.0,0.0,0.0,4.025,0.0
0.1413903712225461,70.22473654693854,0.6620429361385277,0.3125125148721902,0.07822257783303863,0.03982793412521494,0.44474606624991275,0.0004200221895318435,0.0498089077358322,0.3306558802914509,2.63276100878328,3.177490505997549,0.06805595535822519,10.88754766517189,0,3,0.0,0.0,0.0,4.39375,0.0
0.19829946949106836,48.998163232898506,0.6418616080712967,0.36158175304248297,0.056920525198549135,0.1032552560668637,0.5729815022894279,0.0016275398239168255,0.046400170709760775,0.7187816007790336,2.2990732684832667,1.9852513351559007,0.022221656726988573,15.137231834306377,0,3,0.0,0.0,0.0,4.246875,0.0
0.17073147841933167,79.04980013624919,0.6463242898628025,0.2369578898500353,0.05451209918813728,0.10554029276810238,0.35351984968893757,0.0035611393074827745,0.05407516654249239,0.5288139635221331,5.6024683960250306,5.609395178054552,0.0024885501416953802,17.14246900634603,0,3,0.0,0.0,0.0,3.821875,0.0
0.009370455504515818,52.70899093478107,0.6516091920654489,0.3205340439333639,0.04412812132506654,0.132105341854099,0.7288627807935781,0.016602865143401504,0.05731727111581564,0.665012162388161,5.3788228941373815,4.853373366724552,0.0767538615366759,15.605242842877251,0,3,0.0,0.0,0.0,4.503125,0.0
0.13138322584631443,20.40264044011971,0.6427938668220309,0.40329159522374003,0.07698519396086614,0.29043861278015687,0.3524792200104836,0.0006493208227145193,0.0527278886630574,0.3368797165504098,6.2504089241256064,6.460370387723899,0.049088428902195856,10.105905136821164,1,3,0.3333333333333333,0.6666666666666666,0.0,18.24375,0.61875
0.10479588988434656,97.60593059870763,0.6063720177276118,0.30451977072961883,0.07276215183003035,0.28745432981145125,0.774535436210246,0.014736809681116523,0.0662083032440948,0.4681228905157722,4.851308072675643,6.916071759645976,0.016609541032309966,10.023224399438257,0,3,0.0,0.0,0.0,4.015625,0.0
0.019860998771084548,81.20079884961874,0.6886825733581635,0.37144382973067225,0.0799956299061862,0.3856972035123461,0.6566883672000677,0.004116944663950413,0.10402689718630712,0.580015119504907,2.706560526303436,6.620255767721858,0.06747748055507789,10.321986591916925,3,3,1.0,1.0,1.0,28.296875,0.996875
0.06044295088328831,65.22749018117455,0.6622194107566248,0.3726875110214908,0.07201695135477924,0.12546423979443033,0.5652095008773195,0.0005661606287466673,0.0909753828023729,0.387500955739955,3.9984185581962413,5.939706840085196,0.02632621527714454,14.44296674668828,0,3,0.0,0.0,0.0,10.546875,0.3125
0.01625109550954117,33.21586444285249,0.6393033568743549,0.3201362907290496,0.07176103991772803,0.19191711976238615,0.5143842263880087,0.005098753519479263,0.030167435992107867,0.7797879136908222,4.9438741813241505,8.127586323549272,0.09088137071850476,9.294149375602842,0,3,0.0,0.0,0.0,3.79375,0.0
0.023239030352859416,59.30697455528745,0.6149074539563458,0.316123381895282,0.04125466734783202,0.02595301761512488,0.5886015998829179,0.004789893965224013,0.09603215106293499,0.5015937539630281,4.7074823994997566,1.2895366600134803,0.09756722375858481,7.542685855707126,0,3,0.0,0.0,0.0,4.94375,0.0
0.1276630177120992,35.972424680930004,0.6646893144559906,0.21753341706678953,0.07336644273383762,0.2601269193291643,0.5479055944493503,0.002128929265884747,0.11146812011120943,0.3196892326771291,3.3430405757082644,0.8498895379481386,0.049599721112350455,16.015437613546396,0,3,0.0,0.0,0.0,4.25,0.0
0.15280235306168793,49.394912842703775,0.6512053061838994,0.20948493465318127,0.062324129913160706,0.14138916225046316,0.6327016768375702,0.0038431025774507965,0.0793449564099048,0.3943314679498497,3.4148114053105596,0.5879531634810521,0.010603260746816938,14.944617713786004,0,3,0.0,0.0,0.0,3.978125,0.0
0.17312961858025103,89.95477410995053,0.6221568921591283,0.31785167066398673,0.058318199113673946,0.024145594445187935,0.7276423897016282,0.0004100487961785315,0.08744585143578,0.4623425477779203,4.052391104698517,0.37793831622402535,0.04735109898487683,10.492367442584495,0,3,0.0,0.0,0.0,4.378125,0.0
0.033032957065490434,94.16226014115041,0.6799530139110919,0.34661862026737955,0.04973160384513009,0.24028640081159167,0.6795005065941367,0.00016035852885096425,0.08564413207249032,0.7226481568678984,5.1481289305189595,2.2058117235024763,0.027085683443748038,9.395055982294721,3,3,1.0,1.0,1.0,27.546875,0.99375
0.16175691484281243,36.253149153601996,0.6613323932203122,0.3487257883798065,0.07138554974178796,0.39864789310448434,0.6616858466752489,0.0009347044524429179,0.076904654881173,0.4888812051678933,5.547587765586054,6.549552293120679,0.07247588753949116,16.09752276162219,3,3,1.0,1.0,1.0,28.028125,0.996875
0.15718550642303641,64.63484100617957,0.612650464813868,0.26875482553340846,0.06265944267914447,0.17625374356060775,0.4027378569756334,0.0006438906200560402,0.05177905146035357,0.3965623202385977,5.189559622611616,7.815413310903508,0.03791736690399839,9.466975992834607,0,3,0.0,0.0,0.0,3.609375,0.0
0.12718056459885443,61.06439053175224,0.6668789617556715,0.4141275957355896,0.07941641801636425,0.09655115399587681,0.6656624117315233,0.000800520957849717,0.03843600879332238,0.42527969602179033,3.776519070389835,6.648641456786562,0.09040419369975985,17.237707492581944,0,3,0.0,0.0,0.0,4.95625,0.0
0.03543476086732751,39.50098459858872,0.6375449761107739,0.40811103058082815,0.061284082070828055,0.05140221677605509,0.7180332393667861,0.000527638498209084,0.11096215828432895,0.6055113882835496,6.365199889615077,8.477679412447632,0.03931497816140586,9.647768768738455,1,3,0.3333333333333333,0.3333333333333333,0.0,18.015625,0.628125
0.05255807036152625,61.398637741529676,0.6522870713419482,0.31260700723899837,0.05158901932589136,0.06954676668820513,0.78889112773068,0.005549845098032749,0.11023759366798766,0.5460647097321196,5.082380713629007,8.212755264914804,0.09013297678847694,16.412018622723032,0,3,0.0,0.0,0.0,7.409375,0.128125
0.17649330840368782,82.62676259422399,0.611170490194198,0.23243983547094652,0.07486217616402116,0.26947766877912277,0.5535430867639489,0.006623607992099381,0.09744744639907003,0.5408856659525798,4.042661924387951,1.355655198174835,0.06132243704801898,12.28115901601743,0,3,0.0,0.0,0.0,3.43125,0.0
0.023495850909393014,69.92820180952853,0.6253196152284953,0.2538914427408371,0.07080458726012633,0.14648032558612323,0.5056836445799194,0.012267844881444926,0.07654417829674248,0.7944220127207082,0.059136223832029225,6.726708518176393,0.05719162150775538,7.073571315261695,0,3,0.0,0.0,0.0,3.48125,0.0
0.1331887459866472,83.90082292110402,0.6781157448864673,0.36438042000316234,0.06696735791073254,0.34229462486023815,0.7444075962591621,0.0003020400848851139,0.05300190295370706,0.3231953122595296,0.5601687881403431,2.6959549342351936,0.054222698009064464,13.165307772241862,3,3,1.0,1.0,1.0,28.065625,1.0
0.005982517539014993,68.49410945024472,0.6303312306440246,0.2233949249884118,0.06795027639111292,0.2512016418729858,0.736712163179892,0.019538134625649867,0.07400138355222688,0.46183087094486697,2.8628747827225007,4.047979532965923,0.04725978133204223,6.741458036187162,0,3,0.0,0.0,0.0,3.95625,0.0
0.031481593616966674,41.81683210522277,0.6195576604495526,0.3579533403252896,0.047833052872211096,0.07053686358752774,0.409424591931465,0.00091506740185462,0.04183799202043835,0.6071654089193209,2.796134353187143,7.008000128640056,0.044110916842614915,16.668366799166762,0,3,0.0,0.0,0.0,4.0,0.0
0.09555945448414038,52.134412972272216,0.6958090304843364,0.3474698568187884,0.06027085540823773,0.02231123895458717,0.7783510687331733,0.008955379561248892,0.056370028147903595,0.30759168462094905,6.314662246154998,8.741014822904784,0.05673584096550055,10.80104556921903,0,3,0.0,0.0,0.0,15.375,0.4625
0.0693444621651628,55.54698623992499,0.6598271418309521,0.3581414569962561,0.07533461052982326,0.007065221657118513,0.5794136632773909,0.0007060816776346621,0.09790438366987343,0.5319024143576186,5.239684225996662,1.7506959774161677,0.014028898470170423,10.605265440818638,0,3,0.0,0.0,0.0,5.7,0.003125
0.07838214609456982,85.94872581372874,0.699180289230833,0.22971837233096148,0.07501172109811169,0.10818173331705933,0.3510825904770244,0.001733656341496316,0.1024155636216065,0.6624544302984876,5.638344838305162,8.433268914331967,0.03428477090405766,15.25608981722602,0,3,0.0,0.0,0.0,4.28125,0.0
0.17951913178629883,49.9956168212872,0.6186544088152064,0.3942003866652096,0.0653524763654035,0.15422837891544217,0.5854911641673116,0.002044107241768608,0.07236063280743281,0.3923607783982007,5.555981944616898,6.954395417307949,0.021845944646154535,10.859977580997008,0,3,0.0,0.3333333333333333,0.0,8.3625,0.159375
0.009599612985408023,31.991716210891965,0.6131681492351886,0.2409644328467372,0.05773310393712654,0.35252744354302734,0.48979623804561345,0.0022442937452381764,0.09508703169143122,0.6381812883086366,4.435249831017529,7.637201539531493,0.023149977329253352,9.17375240196187,0,3,0.0,0.0,0.0,3.66875,0.0
0.09835791697418782,23.306186930788368,0.6802363532522938,0.2558507491380753,0.059713071978224494,0.17475996965691445,0.7088816062372842,0.002187034294601558,0.09501274118655,0.558266510494707,0.6256783548008109,7.884103764843797,0.01867171675385497,11.872063894746002,0,3,0.0,0.0,0.0,5.046875,0.0
0.025204889267501907,38.404961728252346,0.6484116030229093,0.33257236113233857,0.07583862089068832,0.011741573774022162,0.4956073870791717,0.017187212496991264,0.10153284042241034,0.3805276490801551,2.2935761839997273,4.333612260058577,0.029243638784298528,6.818175908832054,0,3,0.0,0.0,0.0,6.021875,0.009375
0.01768603217229166,68.91145139830853,0.6344502168152545,0.25811493464137253,0.04993721167706169,0.14255545112594387,0.6664572948422134,0.00010932746548862241,0.07721385964894065,0.6099627985135878,0.8760988145719055,8.355816332119847,0.09992294531957305,8.445249647332052,0,3,0.0,0.0,0.0,3.953125,0.0
0.12260410074871272,71.60959751062174,0.6577568202928189,0.3796139943238254,0.0467509841556977,0.12400263039773794,0.6278146531280131,0.00017366417451567613,0.1059802886637288,0.6598752225590487,0.7920744483636216,8.855817271993736,0.03843573236897614,13.651768808624748,3,3,1.0,1.0,0.6666666666666666,22.740625,0.80625
0.11311620717275034,75.20907846490275,0.694934310346041,0.365372981956483,0.045675828831726925,0.34608696342304923,0.49265054966120725,0.0001521526700344338,0.080887619737116,0.5547958810754781,2.5376969377317895,3.316791963525065,0.09348128249157955,11.10728713521851,3,3,1.0,1.0,1.0,28.971875,1.0
0.1536716096660812,62.66872097737969,0.6814581825021033,0.22155450536290108,0.04822363986156995,0.3045811755282747,0.508538265353191,0.0014945952997410731,0.11791898342244515,0.5077759664458439,6.58894828291369,4.7306282699126,0.029452918092356208,8.231663648488183,3,3,1.0,1.0,1.0,27.7875,1.0
0.11358008970126136,25.309613642623116,0.6570836531471413,0.31713805709454135,0.05740667572938425,0.2382410876919533,0.5569062727685344,0.009471582173324696,0.04907919996308417,0.44279669913299524,1.0354967544002902,7.0581757125831075,0.08138024799090607,17.045867514710096,0,3,0.0,0.0,0.0,5.48125,0.059375
0.08780180612661093,89.2878359060383,0.6317994753293467,0.2053273536054232,0.06591680219975063,0.2062080738428513,0.608086265926899,0.00046006091605363457,0.11658975162348056,0.48581476257666334,6.007372510509597,3.3559045074337805,0.06998758827040737,8.799023553124782,0,3,0.0,0.0,0.0,4.028125,0.0
0.13499018590760956,74.9822847593112,0.6400199350286161,0.2712281778755184,0.054610256056378634,0.2547454865723178,0.48546728193822036,0.0008330968366754997,0.047485593998072735,0.4446255764719511,6.4512936456143475,7.578543374903437,0.04830106577614342,10.397220682687143,0,3,0.0,0.0,0.0,4.278125,0.0
0.027487990058294817,57.44161417783412,0.6337469414185352,0.2351352464814811,0.048809818053172215,0.26670980883747886,0.4830809456492123,0.0003942981400150252,0.08956598230766127,0.33493970288267466,0.027148697501120894,6.278812153405771,0.006951516130715742,7.4035820828418375,0,3,0.0,0.0,0.0,4.221875,0.0
0.18357577054300844,33.99626265879588,0.6330107073674464,0.2677811113192406,0.06869990204002803,0.12266331205239381,0.5229375516626271,0.0012307181990164127,0.10739539248034054,0.5926638586603172,5.938512156921361,8.862440518800913,0.0005800153273177962,12.200857232851124,0,3,0.0,0.0,0.0,3.81875,0.0
0.0733546990570202,35.71329048856862,0.6630941215576694,0.35342038242264784,0.046392069369891646,0.0016968539305782307,0.7733637213089816,0.0004477753984534075,0.11779944491956311,0.7448622999008065,1.7416413087413247,3.994455960607133,0.05609790648140728,7.83472789295548,0,3,0.0,0.0,0.0,9.3125,0.09375
0.15655908148883882,43.68579149653951,0.6070910898420094,0.4051143566261982,0.04200163616775659,0.03591614264127247,0.5701484621444518,0.009212748654362418,0.04432040788105228,0.5953013893598806,2.2631782090493884,2.8443317947413598,0.08397193809283085,17.195979451980463,0,3,0.0,0.0,0.0,4.265625,0.0
0.08036975578112601,77.79750984057398,0.6683204928390247,0.22059790416991892,0.07151178799346805,0.3180355963372157,0.593871285536977,0.0003804733340356148,0.046839235832893115,0.44812030950141934,4.608008559912881,5.391753447149706,0.09259999313429233,16.470124635776266,0,3,0.0,0.0,0.0,4.003125,0.0
0.013065421505332266,25.81978740792805,0.6008826658208937,0.35046044422542016,0.05278413924833301,0.28370221690721514,0.751803387543188,0.00024755255620795817,0.07753144847004842,0.3699081449367146,2.3648246605116383,2.09655320658049,0.04100552461676912,8.884798059467247,0,3,0.0,0.0,0.0,4.640625,0.0
0.14844682459947986,67.05412226141384,0.6793712502210703,0.292173297396593,0.07259054432107913,0.18791333335912644,0.6697290003246847,0.00014263012121473777,0.10812166732280035,0.6968363403873723,0.7089784297720592,7.842692321391804,0.04127691688188857,8.650214788697555,0,3,0.0,0.0,0.0,4.728125,0.0
0.03200954232194905,95.88625356044857,0.6554233424979966,0.32779585308338866,0.04160629232467446,0.17307828560040384,0.5101049718892349,0.0006185915617321417,0.07831054731913165,0.5157120106389878,5.7294462850491295,1.3899824100761675,0.0072245677525009,10.989418966423104,1,3,0.3333333333333333,0.3333333333333333,0.0,15.075,0.4625
0.04054764728207463,30.521556218310273,0.6171734053057918,0.2647250665915799,0.07625529373081472,0.37974123720330816,0.446176485754624,0.0001948742481532964,0.035944535772021696,0.7133134350873293,1.503100092965472,5.351557576275959,0.08238809092128438,7.7061305991544184,0,3,0.0,0.0,0.0,3.390625,0.0
0.046429159077275614,47.602323478050856,0.6992982274484358,0.3338905807621005,0.040189649839137996,0.2013769832437569,0.704179700954403,0.001466095166794458,0.06468756473917775,0.7661586958869901,4.777924844287682,7.740355106156311,0.0957244609777358,15.069988267044863,3,3,1.0,1.0,1.0,27.51875,0.99375
0.18630068716924378,87.73421888406506,0.6371738154343849,0.393308021073414,0.0760500588602499,0.32174783236799365,0.37070146672617854,0.0004731975517619709,0.05970613684840606,0.5340708169595973,4.339100464180032,7.126922557651747,0.07565599808013025,14.982300607670522,0,3,0.0,0.0,0.0,4.071875,0.0
0.19951962644442012,60.45285025363821,0.6051872041734259,0.2280131960942096,0.07668645661841869,0.01708220568857246,0.690044855409072,0.006010456934545828,0.05994602025414626,0.5903601501210698,3.7504947855583346,5.798062322916082,0.07900144179370172,12.46849807020738,0,3,0.0,0.0,0.0,3.10625,0.0
0.08060491151135293,30.889336044314586,0.6050333950851469,0.22488944021839885,0.05198761344616278,0.2708255663270906,0.779644183918367,0.003933133100072319,0.09180430373779988,0.6522223353792493,1.4052613344343057,5.239635718603761,0.00751663103107678,9.22892793022096,0,3,0.0,0.0,0.0,3.5,0.0
0.055134762107990704,75.34438047382275,0.6697846499771514,0.2597881815138706,0.05073226972982829,0.39029733645015396,0.45004121042064027,0.0008887959347187671,0.09275444169786834,0.47543129585402316,6.939264694542505,4.161272299785939,0.08014166817457348,15.290256866543688,3,3,1.0,1.0,1.0,28.4125,0.99375
0.07563053887558194,26.131536600648314,0.6900725630854763,0.2605495533426669,0.04075840891557713,0.2921220429751608,0.4404309755308725,0.008350387216569602,0.06496418185964557,0.33807500253250805,4.5135579935922365,2.418244587135983,0.07218718438235672,12.962432913736547,3,3,1.0,1.0,1.0,28.034375,0.996875
0.1789940950754408,80.47249191291543,0.6810185492268668,0.2661535989540384,0.07674002650454234,0.04933885942816273,0.6839864329450357,0.0027507994715485775,0.070755406366311,0.6375511917836403,3.272345190477031,5.180376133835751,0.026708368770626656,12.16064055934607,0,3,0.0,0.0,0.0,4.284375,0.0
0.1490844154243032,75.98745508199534,0.6927444881187366,0.3320016155576503,0.042539157737471064,0.14495179803241764,0.538028947322329,0.00023137426163781505,0.04702146630693532,0.7583509644939712,1.8265799100325881,3.952482652849268,0.015682096373081964,7.213995269428952,0,3,0.0,0.0,0.0,7.396875,0.0625
0.18108407692497047,95.45220767817317,0.6509113321866002,0.3854661814227507,0.05936245127850919,0.03771028208131954,0.6382741556266986,0.003331276529180541,0.1026235958923371,0.711046323799276,1.6394095293680038,8.964140221657637,0.033190469637032184,9.963500344654786,0,3,0.0,0.0,0.0,6.346875,0.0125
0.010958839466173976,20.208723518736463,0.634126862155076,0.3549663683088811,0.04316514804911857,0.15849671076365246,0.6491480976881097,0.0018977479707423565,0.04827112686877312,0.7775040297151639,5.331511670067219,5.493615317720573,0.0858274414050107,6.291308282763176,0,3,0.0,0.0,0.0,5.346875,0.0
0.13411043311410265,63.77801510545247,0.6255228350372826,0.2802537592243598,0.0704015670168002,0.04235328877474817,0.5155553680747902,0.0006024813743274571,0.052469455337068316,0.604498172188137,3.482502571926104,1.4957728009914861,0.009059481664920483,13.760312011700464,0,3,0.0,0.0,0.0,3.628125,0.0
0.048243444974599155,53.94040216813276,0.6737299431232457,0.37693368790240633,0.07932234489825463,0.14718390468117562,0.558849603864764,0.00016683625751180158,0.10848042211173943,0.6764854010097532,4.352087465036897,5.429971587287003,0.0030874415450819395,6.034350456362306,0,3,0.0,0.3333333333333333,0.0,15.175,0.578125
0.16486248274281992,43.9429437328166,0.6826889051826665,0.22508624070495106,0.0641219001465951,0.25160359847618946,0.737458438419088,0.00012526052215933875,0.08507191809078676,0.47584730163539046,6.53852855727844,2.143102974257842,0.03960239849977836,6.521039535823731,2,3,0.6666666666666666,0.6666666666666666,0.3333333333333333,18.384375,0.65
0.03665106851437975,98.08894750653495,0.6214565247196432,0.29185674086802504,0.06289479228429976,0.0730346460423454,0.478431278893074,0.00023529705423957074,0.05189561526694916,0.4306559370049644,2.145527365695212,6.504865765886207,0.08951060420289347,11.529142418972944,0,3,0.0,0.0,0.0,3.565625,0.0
0.15521706061066248,49.3651170261338,0.6080133628181348,0.2840476542865388,0.06522576496735472,0.21692984103645216,0.682415801183305,0.011412821241300384,0.08637548560186897,0.7691198058093742,1.7719853054976111,4.110330575143163,0.01809846926223128,10.148875658363327,0,3,0.0,0.0,0.0,3.690625,0.0
0.14223659411413836,65.46942323586806,0.6862097143269528,0.41790888639703744,0.045809454945086286,0.06770542004848795,0.5944656745040868,0.00010100144232517564,0.058213084873654015,0.5935821038935407,6.858979846778784,1.9183149786230829,0.028201360202426758,13.059342217325739,3,3,1.0,1.0,1.0,25.8,0.95
0.10387066094907002,94.65680435275813,0.6880317670262971,0.41075007790035356,0.052385397994682656,0.11674091014020016,0.5303070144273214,0.00578993218129645,0.11389762973704798,0.5976253006502793,4.28982049916588,8.22938101498703,0.05494191796507428,14.385871201679194,3,3,1.0,1.0,1.0,27.90625,1.0
0.06341118749565364,46.49021623237333,0.6272158402172779,0.24515709687477844,0.06115077756675192,0.04795360107180027,0.43094497799570125,0.0001488715280607207,0.10882296291075876,0.4009577213528721,6.729170152666965,0.3985338693910261,0.04847608338041635,11.633717498352881,0,3,0.0,0.0,0.0,3.79375,0.0
0.15781160234603972,26.487377508984444,0.6649959153471381,0.38813945267249905,0.04481795972586192,0.03233779586511744,0.7462732393183522,0.012587708148708618,0.043529299788231265,0.3744143688827286,1.2714245333422936,7.272763121224657,0.019297098271424964,15.896061736769727,0,3,0.0,0.0,0.0,7.5,0.090625
0.04871306533766805,85.78618803936733,0.6769706543467136,0.3381028942738824,0.06711512363384062,0.13512752774148798,0.7313713904681567,0.0071273500712316475,0.10279999728702327,0.4500568631676334,5.68591011856453,5.973027386738192,0.032801965974618305,7.65560994327429,3,3,1.0,1.0,0.6666666666666666,23.759375,0.896875
0.04999667554416464,69.3098026387235,0.6543732179574754,0.3268175170736035,0.07223521001194147,0.164352877136169,0.6170455796112151,0.000983338639329977,0.09905735200780029,0.7872358901232981,6.610336428131694,2.0605371250402587,0.03623069375074802,15.808192250872239,0,3,0.0,0.0,0.0,4.11875,0.0
0.08423040536368276,95.04696181417977,0.6465536456398449,0.26791291263325134,0.06637709827550237,0.3202111406410171,0.5273327469377254,0.010430106009451177,0.040672305555933756,0.7752096686041721,0.3794897077395181,2.605973957436189,0.08506397529097282,9.868114372819651,0,3,0.0,0.0,0.0,3.6625,0.0
0.1637436489526729,22.21063006148903,0.6818700840060633,0.24615857780843173,0.07742672506006448,0.39232179950576707,0.47319138440671143,0.00029895582359013674,0.07111133960612864,0.5787542317190391,4.2931029570759165,7.2901694857269135,0.00994257555583409,17.366625164526518,0,3,0.0,0.0,0.0,4.15,0.0
0.13567503690776256,69.51837865237152,0.6105832898224163,0.23309085962614423,0.04891197668252781,0.08616637583544313,0.7505831012797883,0.0003627398302652249,0.10925812950997348,0.34403109547288346,5.61052533026125,7.435226534772701,0.03083173198405157,7.743171977443925,0,3,0.0,0.0,0.0,5.134375,0.0
0.12994379498106168,21.676276278314266,0.6757222986137477,0.2996365768447571,0.04745860523508774,0.05640929417397938,0.3856661629434504,0.00016788738253515966,0.08400686449549977,0.5400051807273756,3.83826004382019,0.2227042677642203,0.06946540374546871,7.023434439532569,0,3,0.0,0.0,0.0,7.80625,0.009375
0.050743740804232565,67.3403485790751,0.6869084789988578,0.4001229026322244,0.05129851803028788,0.3872754922204326,0.7484664828993093,0.0004709128497437941,0.06399411229313254,0.5690501271275774,0.030864248877164692,4.585548483247519,0.05025598022416214,15.036744682529145,3,3,1.0,1.0,1.0,28.778125,1.0
0.045392775219336885,81.56713786246144,0.6098803375180049,0.30560917861968995,0.04014586739223606,0.36997133999674936,0.4381141215445615,0.002830678626960926,0.06154649541644673,0.625102077164561,1.3604786897446446,3.107539337952773,0.05753979314847412,14.782101127516672,0,3,0.0,0.0,0.0,4.015625,0.0
0.08205464673811086,39.970985749041844,0.6654288985610465,0.24743060187543878,0.05847633629395525,0.030887909587637975,0.36226566707028446,0.0007797411815295006,0.03110388123758662,0.7494858760121734,3.4394657176901853,5.663445521571637,0.016403938679648282,14.599820263537755,0,3,0.0,0.0,0.0,3.871875,0.0
0.09279908236391947,33.55872761971529,0.6495188423746872,0.3025237008106346,0.06391623816730362,0.19679843190644297,0.5508898540590088,0.0036490584915409422,0.09055974665201968,0.4731657040618648,0.855335064268721,1.4202020303884988,0.010510073963273988,9.52800206032896,0,3,0.0,0.0,0.0,4.875,0.0
0.08625979390470455,25.4143096781419,0.6325174580605761,0.31866025877279697,0.05004049031299569,0.13371030326189995,0.6594321942552701,0.0002780520701735445,0.07330921536331195,0.5890181057556874,2.4753806456911107,0.12959825115643436,0.07520500070452713,10.930296085655375,0,3,0.0,0.0,0.0,4.353125,0.0
0.037929124052758535,96.15442999482335,0.6283918974804926,0.2940836959691245,0.05511631541137489,0.0982150857228207,0.36380281075276943,0.003383120192406652,0.047715922053485765,0.5752777831521639,1.9236849164694956,2.729139136178902,0.044469065177402525,13.864997275047626,0,3,0.0,0.0,0.0,3.7625,0.0
0.10402563070093498,30.95882154720106,0.6436494413680566,0.29076965470248667,0.055476552072486106,0.396946695372947,0.39754445307507286,0.001596119026174925,0.10544507206662455,0.3620622125622547,4.249754428239102,7.33944516544666,0.0010244677445661898,8.50927362553194,3,3,1.0,1.0,1.0,28.89375,1.0
0.19617364262936177,73.2657916841074,0.6935512507148188,0.21819292706758853,0.06500604482726711,0.36030304976279637,0.5910726663278534,0.01642604838429254,0.11733937191746749,0.4318270624900664,3.456829511411142,3.258949653317919,0.09517721155721041,7.816398547054402,3,3,1.0,1.0,1.0,27.91875,0.996875
0.12525458787829283,36.9894638083871,0.6310256366948511,0.2494928182278101,0.055913125473208744,0.32524853633633505,0.36847860301302143,0.0004895765545555187,0.1041931203104852,0.7203165400562841,0.3006062683018928,3.789723583669493,0.08079999711849377,14.14312799040331,0,3,0.0,0.0,0.0,3.884375,0.0
0.10161268997054203,24.880055344488746,0.6314339265304233,0.33123212735151336,0.051860762176618926,0.05919933288977111,0.42146225686997096,0.0003435635710003862,0.07262835564595649,0.6450749602188413,0.9749920084970517,4.560123826235701,0.08834442656782543,10.560182897655913,0,3,0.0,0.0,0.0,3.9,0.0
0.19879206372013425,54.935327985984735,0.6828683711198684,0.37392551991957645,0.045147224098773954,0.18268587185502808,0.521891374951169,0.0002711002363622375,0.06626948497501994,0.6652641644937323,3.205914897166495,8.984891017783633,0.07628406904749235,16.333433877183264,3,3,1.0,1.0,1.0,27.09375,0.984375
0.1253719638633128,72.75507245442978,0.6083420296728008,0.31574432367485256,0.0685337143681235,0.3781748833608822,0.46879200893854883,0.0011327971688731328,0.11220120652091771,0.5559521943578895,0.4893073356515771,1.9385586063508171,0.024515284349201,13.210181966423402,0,3,0.0,0.0,0.0,3.946875,0.0
0.05555570336913391,62.433527064409084,0.6665461828518139,0.20207232421994417,0.0571480814615072,0.2341521204457386,0.6039362866400286,0.007010980919219478,0.11647839628702562,0.4595607486324699,2.5880473916323976,0.4921162612923857,0.07809497119150621,6.218204083104983,0,3,0.0,0.0,0.0,4.534375,0.0
0.05805267358983153,28.52223583094802,0.6029077176157157,0.4018710070656184,0.04046928749588699,0.2720800515126455,0.7226319745705579,0.0008240150001428745,0.037499831969876024,0.6459145460928551,1.7167641506777207,5.576801760456543,0.027450259507038017,8.297805873539529,0,3,0.0,0.0,0.0,4.2625,0.0
0.0662334055449766,63.747059001800764,0.6286243626627985,0.33641521630844223,0.04829980910674113,0.3014240564853099,0.5174094127858695,0.0007366719977757024,0.10124281090384574,0.5374161193920108,2.4145930344835547,5.1563440321038065,0.06836521768836183,10.539973636813286,2,3,0.6666666666666666,0.6666666666666666,0.6666666666666666,23.9875,0.8125
0.11952366189638006,98.32851692337081,0.6955594847339337,0.30649403613633724,0.044220656433798376,0.13661247176719848,0.5018798024687139,0.00015655160061028348,0.03805049026807904,0.5730933953321251,1.8844996465875417,6.971339604146661,0.08621528445311041,6.763825304132208,0,3,0.0,0.0,0.0,13.684375,0.378125
0.03337728535446287,73.58989488798855,0.6541723006276275,0.32383356654330087,0.07980639180050104,0.30730941835076325,0.6301424909453943,0.00016409520736293472,0.05690361489900437,0.5516812249315839,0.1916029178922847,0.6223457183925787,0.022846002479718915,6.966857158018939,0,3,0.0,0.0,0.0,4.190625,0.0
0.08515843892125023,43.34247536748477,0.6209153965161707,0.26368630259012016,0.041231546022109954,0.0772883128848759,0.6263585770277107,0.0018808206370156213,0.10180538448911035,0.3021933753607067,0.8045566644075255,3.913804034633349,0.093850398335816,12.618664986927643,0,3,0.0,0.0,0.0,5.11875,0.0
0.1969570522264525,45.86179648344781,0.6182763591199731,0.3345202600503795,0.05050751238166963,0.08777146405197439,0.7762391974485814,0.00011445147817550026,0.09433901409308071,0.7512673068271047,6.117619378613401,2.030326602853526,0.04774099217923608,17.70400302916181,0,3,0.0,0.0,0.0,4.1875,0.0
0.1165840142095722,29.259613086054976,0.6137459885975944,0.3630900267372891,0.06068356530182455,0.12080555081926672,0.5806309355467606,0.0010442866846855797,0.044742598672790256,0.5352230671243664,2.5056634377936393,3.273630277806079,0.003961204020138093,11.684697826231673,0,3,0.0,0.0,0.0,3.940625,0.0
0.015049741160990976,57.63185895372609,0.6908247560126182,0.4007297349583505,0.07911611752030814,0.3270355154478122,0.756931091797044,0.0012619293004146293,0.05068792531110301,0.4359625203921297,5.455084318186167,6.21073187296448,0.025969326712647584,7.959312547990477,3,3,1.0,1.0,1.0,27.228125,1.0
0.17255620016365353,20.852723502110063,0.6402677818770072,0.41183140785834726,0.059167947953823755,0.2041797397703797,0.7538730747136109,0.0009695215929631797,0.09361028433834655,0.5868743818179458,1.300882209658676,2.4758699521932104,0.017590235791652958,6.355800045607543,2,3,0.6666666666666666,0.6666666666666666,0.0,21.81875,0.746875
0.09388807226683131,53.48137012633822,0.6776089372101952,0.25607274880267133,0.06648801743223329,0.3743892235357325,0.5614225486109274,0.0001077004152874674,0.08141614125764665,0.7679740907108309,3.8048080532391912,5.468369097082073,0.018783324453031318,8.29598722648124,1,3,0.3333333333333333,0.3333333333333333,0.3333333333333333,8.115625,0.1875
0.19294229543391644,86.43908088942196,0.649769423233023,0.3414789030570756,0.0709664682734215,0.2820694452269021,0.6967540866725265,0.0001768964654347918,0.05866933334059058,0.40563858651255336,4.586735172507019,8.305185013820191,0.0320457408104075,12.869072851070513,3,3,1.0,1.0,0.6666666666666666,26.253125,0.996875
0.028806425588418567,90.70123710594244,0.6925600236913287,0.34542105901242315,0.04650248070744122,0.2845952501190411,0.6129507928413886,0.0011108405058120445,0.06417210637863996,0.6794596367384177,2.0237477799757997,8.158512190625743,0.08113652979048679,13.948228511592028,3,3,1.0,1.0,1.0,27.828125,0.996875
0.007104977975951558,74.65542322483671,0.6411377373573447,0.24423289329237519,0.05421294692821035,0.04180629963912483,0.4985833376534134,0.004196484512807921,0.06164857189597093,0.4044548785214383,5.821885833241251,4.689215318082512,0.036513367252559215,9.13223324395901,0,3,0.0,0.0,0.0,4.025,0.0
0.18452559084998493,60.1545993543402,0.6005448938426968,0.2752984911247502,0.06326290193055323,0.35360391534475244,0.4377189789933174,0.0024962501526604674,0.08371591836939221,0.38931852549002377,3.5926802697044784,6.391622638988425,0.07888343178984292,7.555510313869783,0,3,0.0,0.0,0.0,3.7375,0.0
0.018285794194381404,87.37914515059308,0.6832531542845456,0.34237763382047337,0.045556671279426746,0.09356442711641995,0.5118013463530743,0.00012845716353540612,0.058916255354399726,0.35390694359711383,3.1004646521566595,7.241381515757583,0.0015260745729726753,17.013619235153776,0,3,0.0,0.3333333333333333,0.0,16.234375,0.465625
0.09433561570373734,84.63466836024925,0.6904878509278112,0.4060489200008778,0.07751916953447391,0.3377443514963965,0.6359349307793969,0.0003370507104991545,0.032021656302573115,0.42732940299707267,3.5496122643134917,4.464032413359875,0.04186619404478134,16.200623510842828,3,3,1.0,1.0,1.0,26.671875,0.996875
0.1860149158931873,64.28167916264519,0.6945081565663385,0.3482646232311253,0.04272920784358669,0.2782396729074199,0.7697672641105093,0.0019532426124703327,0.07312587739801657,0.37756889734427923,0.24350642635558256,3.5043384828557547,0.04327499816712368,13.028820150430082,3,3,1.0,1.0,1.0,28.978125,1.0
0.10620994500794093,74.36948828270624,0.6121139363412035,0.3825347623602644,0.04497712571116812,0.20259491078334133,0.7644610923677488,0.00380200776869061,0.07553788175016898,0.4526890499764763,3.1921018503526493,6.2267511842368926,0.09110814325617944,17.934391943086226,2,3,0.6666666666666666,0.6666666666666666,0.6666666666666666,26.315625,0.934375
0.05905221629343755,51.3940158844243,0.6706568012792234,0.40252183130978697,0.06908085765398522,0.15130642357799437,0.6941356405663884,0.008037886922249294,0.10026578966233189,0.41755609884418077,4.558561709417359,3.634854265743081,0.08341231125962356,9.81372857635569,3,3,1.0,1.0,1.0,26.453125,0.965625
0.1086351973440409,90.2456950256728,0.6983334839896779,0.3297746102183612,0.07306943643161795,0.054170254777243576,0.4966845209000291,0.000356732305587879,0.11854121172297928,0.7462076276417774,3.306005330703469,0.040395864233030425,0.02403234390126886,15.411459031667126,0,3,0.0,0.0,0.0,4.884375,0.0
0.03945390540370629,39.13516948739782,0.6230781302489894,0.36609201420337617,0.047071484447000725,0.028602405616350836,0.478295698099077,0.005264691706325846,0.032577081642030055,0.49619149591239214,3.2279422055450646,2.8783726878695215,0.0048095994897584555,9.763310628416868,0,3,0.0,0.0,0.0,4.16875,0.0
0.07465105497155805,50.569214199504074,0.6441784528947627,0.21390064093582817,0.050332657648854265,0.19906342606130287,0.5630616224781458,0.0010336452785939356,0.1067491333307757,0.49323480660151064,3.3768417783766345,3.7028376036272292,0.01136171822605014,15.374814066025337,0,3,0.0,0.0,0.0,4.065625,0.0
0.068861093339977,37.27178355181324,0.6370964133180737,0.24146821871411678,0.04806350661285643,0.26773727992704427,0.7431287422754792,0.018300239963451308,0.10353209540595776,0.3978970555153559,5.0185536385351766,6.143640473177035,0.05207271847928209,9.894676174029033,1,3,0.3333333333333333,0.3333333333333333,0.3333333333333333,15.734375,0.49375
0.06771703248802596,34.920004635441835,0.6965916859774507,0.4131904902289212,0.06176221226723332,0.27704126165517884,0.7981578433864196,0.00020053354985824888,0.09211874970293023,0.4133952033864737,5.032362863116479,1.8052574020699224,0.014692165512902703,12.33803199589583,3,3,1.0,1.0,1.0,28.684375,0.996875
0.08692217937550417,77.05350091232432,0.6349465841045054,0.22904822130720304,0.0630091570779298,0.2620812285520471,0.6461375420648745,0.0005491578284551407,0.06934040671392247,0.6587477498480406,0.941932853577147,6.751385243034099,0.03188309702851196,17.582809095626693,0,3,0.0,0.0,0.0,3.684375,0.0
0.014328524602753447,28.37963650720578,0.6161578989450545,0.21212759373652176,0.05431603237008387,0.04504067186625409,0.7117741033512168,0.0026182559279739784,0.03609930445905933,0.5248847450719697,2.668826469547659,0.7106861951597928,0.0647751930258616,16.63002777981893,0,3,0.0,0.0,0.0,3.521875,0.0
0.1876143123815699,94.98260038895552,0.6583956112261407,0.39835682646946147,0.06338664734830068,0.3227131255611678,0.4812863725605558,0.0003165338146304356,0.04835752746964786,0.5212054507163275,2.9203699845729956,3.456369898095872,0.006529691664364278,6.04696633276467,3,3,1.0,1.0,1.0,27.175,0.9875
0.15897798335214322,31.299379817394346,0.6565543361416852,0.3772838485540275,0.04728281855556593,0.07455978304736495,0.5250384315300789,0.0056841792896771895,0.04114386807589557,0.5180401711527384,5.392450015631047,4.922296498172485,0.09700700059857209,10.41084555292706,0,3,0.0,0.0,0.0,6.53125,0.06875
0.03593677281951615,63.06908973194351,0.6267610544965366,0.27457694049405434,0.06771126231999752,0.0842511033312833,0.43393501690617886,0.0015660575214001666,0.09408287139446316,0.7402612585853431,3.7370512413167813,8.593711161321242,0.09217922544782103,12.493413667352174,0,3,0.0,0.0,0.0,3.578125,0.0
0.1934042209807401,93.48398741260976,0.6786787847361695,0.4153039253181582,0.07283328614079528,0.0603883867237317,0.7051029499129216,0.0017500042573022749,0.030820172184011063,0.7612515369218151,4.642675512229607,8.653610639693321,0.02781576913042181,17.960977317002513,0,3,0.0,0.0,0.0,4.390625,0.0
0.12888844525233298,70.65271884076726,0.6549121421938563,0.41612747418517626,0.057329773336787467,0.046872682169658,0.5820608740044111,0.014213109404175707,0.06562639923073119,0.3676574226202519,6.1524554949489625,0.6456178423714881,0.03584589545838331,10.299506989431858,0,3,0.0,0.3333333333333333,0.0,17.390625,0.5375
0.02204471561345529,47.06075288153227,0.6767937969362527,0.3919190287805664,0.04308142698405949,0.361514565486063,0.6765885206058246,0.00043383746830374817,0.11404945237610084,0.6218345003540917,6.4669571943638395,3.430049490595864,0.09939904008496335,6.676551551168101,3,3,1.0,1.0,1.0,29.153125,1.0
0.14406155791736733,68.4088529831813,0.6678775475489763,0.2721407892210737,0.04754153611066853,0.1528778977496189,0.7621848912112084,0.0036740742594878937,0.07920696650765446,0.3714425277701003,6.654702175673748,0.21013645976425793,0.08810365821407891,11.283537257526092,3,3,1.0,1.0,1.0,25.1625,0.971875
0.19231046525433293,32.44163351288306,0.6486159806675098,0.23639849865892443,0.04441952479137672,0.07646082109489788,0.7414794043533546,0.001296526120962835,0.11302933780015027,0.6908017209288732,3.708473565448151,2.895446713260958,0.07745593280914996,11.429289185122837,0,3,0.0,0.0,0.0,4.209375,0.0
0.06986194800735576,65.85357141612295,0.6421912867207766,0.3397576383968349,0.05784005116161166,0.21982166542133125,0.38335363687425433,0.0016522416637566174,0.07122771708569839,0.699607275835328,1.569231397568458,4.507264153576999,0.09417769118747497,10.2149305316314,0,3,0.0,0.0,0.0,4.346875,0.0
0.05942008083227936,94.05185544112817,0.6673591388486552,0.40929475042364766,0.05677822490004911,0.35086848182281705,0.37793895335466604,0.0003717211761583349,0.11995049934921223,0.7018278106116372,2.771783744514117,1.7843702437175335,0.0035604535245696346,14.681352890022904,3,3,1.0,1.0,1.0,28.803125,1.0
0.14445109990899505,92.1760652201733,0.6459738146942818,0.28884067030778104,0.05156210365694967,0.11914093810708089,0.38944582407474565,0.00013922942877367617,0.10572081390938207,0.6905064931247175,4.180579093676426,3.1635282875446875,0.09487450355085801,8.353801075658394,0,3,0.0,0.0,0.0,4.48125,0.0
0.16079675245718728,29.919056232479175,0.6988047686537335,0.20293696632751745,0.0649075420645392,0.32891037466185064,0.6642199954050194,0.0005867702926085981,0.11920478014034964,0.34163384204604524,2.742972324078332,7.397978402117164,0.021298974819213334,17.27449173972861,0,3,0.0,0.0,0.0,11.4,0.3125
0.16224533371534594,43.07706287715824,0.6202550889197492,0.38663240020192724,0.05816060826648933,0.21427957498175185,0.42532173135671414,0.00019021196791469455,0.042388275597204136,0.4838181303553133,1.114256100384677,6.579673612235261,0.030169792404307075,12.697746322732808,0,3,0.0,0.0,0.0,3.88125,0.0
0.1375318558691021,37.93429058869208,0.6449319350636875,0.24266382830646538,0.050279907962471795,0.3888576511552748,0.46086315893288066,0.011026985614335424,0.06843912598862245,0.6342770818698333,5.842459132836793,4.483600535856569,0.09551950676292123,14.195581059140608,0,3,0.0,0.0,0.0,3.965625,0.0
0.07262739419343091,40.95608675288113,0.6226193245646309,0.315104604249119,0.06887004290826523,0.03689749201765556,0.5598385227559083,0.0006133237400247384,0.11953432526388795,0.6852044150019304,0.9931015580358251,7.1455065004205665,0.09885482822702674,12.581708531412128,0,3,0.0,0.0,0.0,3.896875,0.0
0.13901827179870976,46.59879405208694,0.6534316672108617,0.2530734552823247,0.07116627853022153,0.312937131903728,0.4171531398160911,0.00020247851857888683,0.04511880342864211,0.4212916914729314,1.5518860695666354,4.281204786885774,0.0378523701730434,8.99079298847005,0,3,0.0,0.0,0.0,3.971875,0.0
0.07124421858077824,54.08417158181465,0.6537555036020013,0.39576225237563945,0.06478161392001343,0.2967467121752702,0.7867986454831757,0.0010893971880327298,0.09149292376974111,0.37364624646242456,1.4338647282725605,7.666074493813922,0.0081631001289378,7.089328193682347,3,3,1.0,1.0,1.0,28.040625,0.990625
0.12055034272846663,59.43247954076112,0.6720836060533791,0.38943486477633854,0.0403959512297413,0.30227158015868694,0.4238113886622877,0.0010789307090446063,0.09636338092590425,0.49961179917659226,2.2413105512937865,6.348479242795719,0.07281193752222727,11.31103231987408,3,3,1.0,1.0,1.0,29.21875,1.0
0.12627643753895812,45.51695333762462,0.617244765491737,0.29862414411885846,0.06432564873598919,0.014389064174537137,0.491810166967036,0.0003870300517039043,0.06279696192857212,0.44024406535510396,1.7794040077107174,7.457309256770808,0.03093490163228796,9.715764565699141,0,3,0.0,0.0,0.0,3.846875,0.0
0.160326421412623,72.96953742318958,0.6999255449493736,0.2040730016128285,0.06438041524515443,0.10628967664805511,0.4508232853605998,0.0013766914320367321,0.051217004292613576,0.6568785309051572,3.6101674708057616,0.0715628332194867,0.012278162924451936,17.74220508365257,0,3,0.0,0.0,0.0,4.265625,0.0
0.07790345811787062,51.70880589268326,0.6039367463367037,0.23033696448195407,0.062372667013834496,0.02120947955771831,0.5663582621598222,0.015971637248688133,0.05615048221982598,0.34711753098269904,3.872634104589793,5.816361394736016,0.04643655663261809,9.57698951308849,0,3,0.0,0.0,0.0,3.365625,0.0
0.01186944544884497,96.44043062290669,0.6384378838202333,0.26196444621294623,0.0601457689690785,0.37700949220494373,0.41171304012300064,0.0001873306238269471,0.04046714499500853,0.6136797404066294,5.895976178957877,8.383494724221809,0.07116420961871027,8.133695685835887,0,3,0.0,0.0,0.0,3.840625,0.0
0.17542960283284725,27.8556762047153,0.6595935190443245,0.31165207327748434,0.06147821496787448,0.099598311081856,0.5347851511511148,0.0064827328693772045,0.08319744502830986,0.5200657339807461,3.885734866105415,4.39052912934136,0.039852365338903066,17.64018239536353,0,3,0.0,0.0,0.0,4.6125,0.0
0.1024309765974875,99.47039533392217,0.6763795898642126,0.29557200743376405,0.076149579887023,0.367408131289716,0.6550501011227376,0.012855139934725297,0.08683418199398416,0.4196009833085467,4.818125058258989,1.6317633312210902,0.05442359720173835,7.412489117733941,3,3,1.0,1.0,1.0,27.709375,1.0
0.17149615294499793,77.42714053434595,0.6113355705132124,0.20695942020161365,0.05986006927996705,0.10968645436745293,0.7552679317707698,0.014614416059504663,0.08531973546728538,0.5817744165988508,1.3253165750807128,8.093929659276775,0.07307633613298291,15.756419134176042,0,3,0.0,0.0,0.0,3.6,0.0
0.15499285111365255,88.80028224735638,0.6101569793450623,0.3861886181109755,0.05105076233896047,0.18352717598147505,0.5030563098190998,0.0007681785740089141,0.10782738928831835,0.5657613913695201,0.39945292657507864,8.629125404411873,0.0871742717826469,7.168043349748592,3,3,1.0,1.0,1.0,27.7125,0.996875
0.061000444527063234,42.32438477021445,0.6702882611838898,0.3232850247348634,0.06733675014179479,0.3300777954344981,0.5984714016079035,0.008733601161418587,0.0753204736363498,0.6545471127402771,6.966568921961605,6.040234230251465,0.05055906363053351,13.79124973041182,0,3,0.0,0.0,0.0,11.56875,0.3125
0.16990335912559454,58.519129295809,0.635270662422834,0.2783017991058751,0.06757102547759838,0.16186056049894715,0.694943512179208,0.0012044139191978317,0.0652860366052643,0.312315024578814,5.873220126930785,1.0587189082051711,0.023721102285029452,11.170551338801108,0,3,0.0,0.0,0.0,4.778125,0.0
0.14607173631343942,66.854012685208,0.6177110250334868,0.3689716226271718,0.06367372858186778,0.0014990473187395696,0.6883408219855678,0.004434258452425465,0.0494164670258207,0.3272179153762578,6.687080984255752,2.322431546253209,0.03376507651481236,9.46877260519268,0,3,0.0,0.0,0.0,5.853125,0.003125
0.019066555951065368,47.21783400323922,0.60156348687222,0.2877898838450853,0.07708837457432205,0.3919751697087135,0.619739001248711,0.00264054117347934,0.11339594279607777,0.35964377116932267,6.0600604348546705,4.905136004211564,0.01120346200603238,16.51495138395375,0,3,0.0,0.0,0.0,3.69375,0.0
0.042619043474249226,79.96790833986458,0.6578983412187601,0.28988523691058476,0.07012755801340867,0.1783334549519956,0.41417858382018674,0.0005446058778739994,0.05355169283840895,0.6232610330229549,4.226404274679007,1.2632356700397038,0.06217543923789381,11.931684888824197,0,3,0.0,0.0,0.0,3.79375,0.0
0.16619112398107852,50.05049636087984,0.6025311423716024,0.2617500205394183,0.04624901810275393,0.17175847449082537,0.5438526459646918,0.0046669195448143085,0.03320714656965603,0.6026826528424921,1.5153755814187237,8.801121688586845,0.07097138279046264,16.55740289279167,0,3,0.0,0.0,0.0,3.440625,0.0
0.1181224056984262,21.18385056703169,0.63060666011848,0.3706243506375013,0.06206219769011202,0.24247052611636877,0.5753655190175868,0.00017970362417501297,0.09555487557419226,0.6689270599820997,4.489478178810021,3.6130527146217393,0.04985547889405841,10.715631003557508,0,3,0.0,0.0,0.0,4.715625,0.0
0.18060733188649084,79.460727871816,0.65249877916633,0.3100905897106726,0.06670614591754953,0.3648900124222463,0.7145693908924029,0.0014325079250206776,0.04296213697055293,0.305419751109772,1.4523668951787247,1.6971423252499551,0.09668112421672656,14.302929386690025,0,3,0.0,0.0,0.0,5.171875,0.0
0.026915714752249048,40.07228512626568,0.6263809234805596,0.24305921925233342,0.07875871256558935,0.07827487578341463,0.7076194395296915,0.0002697260471519526,0.04403216615313202,0.4020299727891101,6.997785065735341,4.792525478544371,0.03684061171559456,15.2177898221103,0,3,0.0,0.0,0.0,3.578125,0.0
0.05642668414685323,55.93181869057877,0.6488861239648582,0.2870857394544399,0.04388436273158162,0.033607339443578035,0.3884761649195788,0.005143385191362088,0.05440344880673528,0.683201483768794,5.980628463881317,1.3303358501405385,0.06629813918262899,14.889443521426578,0,3,0.0,0.0,0.0,4.196875,0.0
0.16515364677189623,29.64151235897434,0.6332789233069669,0.39605081959004806,0.07521795781981146,0.08985913137906465,0.5492670013127449,0.00012659680210712302,0.055905641654452304,0.4778581633078416,0.1608319373860808,8.52722979610409,0.034572339678678086,11.73506138790709,0,3,0.0,0.0,0.0,4.340625,0.0
0.14094051790613485,66.21099675685502,0.6015029203443037,0.39909693596836593,0.0735945921623275,0.3118115042245554,0.7588765116362011,0.015555057648503035,0.11872937332116801,0.41298886402376456,6.266019413274595,0.01837254460065347,0.08753462613012929,6.129718298209885,3,3,1.0,1.0,1.0,28.2625,0.996875
0.10950966912536961,24.281724573107056,0.6133641506851533,0.2962645282240647,0.05952092247302327,0.23130302321179141,0.3954739045846182,0.017558967669023713,0.08001002981586627,0.7167700735605231,3.9348285488593926,8.926026650333291,0.07705725806274129,13.311967212590076,0,3,0.0,0.0,0.0,3.534375,0.0
0.09708533067421714,80.81222932258657,0.627604855338158,0.3429198604681286,0.05304606714982118,0.1772589219100385,0.725520188830129,0.013142910383314733,0.08034122361820928,0.35053766857192153,5.708426961050387,4.648767484734027,0.08907198015073016,11.151261863885164,3,3,1.0,1.0,0.6666666666666666,26.778125,0.99375
0.10002470848745564,88.4955592205735,0.6204209527659658,0.31396834605331186,0.06992824951343804,0.35596525604908774,0.4072195180622613,0.003270809494360994,0.0593287377100581,0.7331401834613518,0.4943268299861185,3.079390753793444,0.09851497168319952,17.905924628613416,0,3,0.0,0.0,0.0,3.540625,0.0
0.05368045550810062,96.73572751359544,0.6194610107403301,0.3022006817512033,0.07854609159311235,0.3489193389653758,0.4115137109942865,0.0001192943953791389,0.07449351179642494,0.3325347438737135,0.3233021960881683,8.472418695189248,0.008770373418570168,6.609962106477314,0,3,0.0,0.0,0.0,4.075,0.0
0.18223837061641446,82.21480650190045,0.6840459251575376,0.3451690957049345,0.07412197516153754,0.22549127473289365,0.3644078206357359,0.002567572384186281,0.07161806719853236,0.5118527567440796,6.7672424583747945,2.7526875008106177,0.028880738876804042,13.612550370967362,1,3,0.3333333333333333,0.3333333333333333,0.3333333333333333,11.109375,0.296875
0.15201073650714764,70.60945743698966,0.600268796284333,0.34971351512233184,0.07076256550892687,0.33665981719524285,0.43061518109691965,0.003072533049722535,0.050381082891053364,0.7415573033901417,2.0708673387965812,2.144958103223172,0.021092243755221285,15.52700226591572,0,3,0.0,0.0,0.0,3.38125,0.0
0.09598633021264816,40.373614317307236,0.6415504221612495,0.36128013332105935,0.07834012754557083,0.3162104806555552,0.6921685983183339,0.0002153371764296101,0.06828244443147247,0.6302691020708815,6.416536048672672,1.894633603316465,0.09223975627590658,11.374856584405832,0,3,0.0,0.0,0.0,4.15625,0.0
0.030800792119380686,98.79670877913246,0.6143280835741636,0.3640035818126258,0.05397879311441563,0.2808951497752952,0.7963993281280095,0.004346308089043926,0.0930073783368799,0.7988218905240321,1.988267418475457,7.186568538272369,0.08248852000025138,11.818698697188168,0,3,0.0,0.0,0.0,4.20625,0.0
0.19462250395822003,55.94562776576091,0.6390342612440351,0.3402717698899317,0.0579794926982853,0.1677122849343997,0.45663263703370915,0.002738781944625315,0.09870994144068401,0.5472508354537364,1.9586904211059175,2.5062956053752337,0.04534515700901044,7.4902466951251565,0,3,0.0,0.0,0.0,6.5875,0.04375
0.13907919012653253,85.2204567100443,0.6037890979257176,0.4195334150793556,0.060458241652399596,0.2930668578764865,0.5966215065068088,0.0042879974215327375,0.10457530701974567,0.7593717086354407,1.1795288430860498,7.538693328666572,0.03550305089351775,14.723291837457612,1,3,0.3333333333333333,0.3333333333333333,0.0,10.21875,0.246875
0.025754867284684797,37.590996203235115,0.6644468515980266,0.20088988505635846,0.07476783538137047,0.1388508456315374,0.6086904583071517,0.00011795367235377555,0.08859864123650435,0.6697141404158978,5.268083867465023,2.385835889906417,0.06888205723755027,17.093199462570922,0,3,0.0,0.0,0.0,3.84375,0.0
0.19637663797699015,52.47824686976395,0.6711059817217611,0.39007845819852044,0.04240179252398042,0.2970246157882438,0.4061845280029344,0.00303880243639177,0.08780158849957961,0.4417594179446858,4.412907221596633,2.2475375843112118,0.0599439751025454,13.451861044194144,3,3,1.0,1.0,1.0,29.125,1.0
0.028168417132656054,97.10223385965394,0.6893641165015345,0.28440832773955593,0.05756383618378538,0.23442131853745105,0.41966764130138956,0.010896635341955486,0.06743480972221563,0.5761389845052085,1.0796707532558445,2.434174758633564,0.06310633494132269,15.502121482453221,0,3,0.0,0.0,0.0,5.125,0.0
0.11442623530707088,60.62657728705736,0.6570101379207764,0.3885132326618118,0.05639246602886324,0.06124897747182698,0.644362743587705,0.0002533616390082747,0.03407003508517124,0.315923395971347,2.4373771861854885,8.564903340698894,0.09153627660008958,13.97400118489285,0,3,0.0,0.0,0.0,6.846875,0.0875
0.1375961519748329,98.71539035911609,0.6752462067420606,0.3793988103880789,0.05608767882858659,0.018753632693164907,0.45960416461787074,0.00028811054872628794,0.08446233454282237,0.3579905708489649,3.1474159798989514,1.0284975599163768,0.012058747848516415,10.055556035008653,1,3,0.3333333333333333,0.3333333333333333,0.0,16.590625,0.559375
0.07180971843037877,28.972267878177277,0.6602308008966306,0.2486453968311646,0.04401259910691032,0.07978128037253594,0.6777241405073228,0.00013451998890135833,0.0830563184410128,0.7028615674845928,0.741680292670172,7.955746136135655,0.08319509269432517,6.446960677579236,0,3,0.0,0.0,0.0,4.428125,0.0
0.09153702825946682,21.46572438096415,0.6781613521527438,0.2700553570248112,0.04908233588250576,0.29513436012347855,0.48468006426183097,0.0022803027497621414,0.06362708576595588,0.7546110753891679,5.281224499493461,3.3958760065748588,0.00036101751379643437,8.839450764616812,0,3,0.0,0.0,0.0,10.31875,0.296875
0.1191565569122554,83.4073018854385,0.6718610227229959,0.3544273523749727,0.05121451580776848,0.1551146586757193,0.5077242607435277,0.00012159021117209117,0.037220616101320866,0.5710451212324686,2.836058254305692,5.54614409080414,0.051890835522577894,15.861689267848508,0,3,0.0,0.0,0.0,11.265625,0.24375
0.011381758841679177,26.743635569376607,0.6919071406373309,0.375797383457861,0.07355521071164445,0.2410011352967416,0.5402059138460222,0.00026320635183087323,0.06788570413040171,0.3406517745614963,5.343227013299004,3.802289638536953,0.0016528185221317126,8.555087454809016,3,3,1.0,1.0,1.0,26.871875,0.99375
0.14350948012143722,40.652751326743136,0.6159021142395338,0.30059042064873065,0.0525845846844309,0.2124726756795645,0.6223562248121453,0.00025383170812317944,0.11603404247203579,0.5099140551166549,5.42676792925753,0.17260772072287697,0.043613807672430116,11.571029282711626,0,3,0.0,0.0,0.0,4.390625,0.0
0.17346831088446513,91.21117912933973,0.683939704286049,0.276394200461375,0.04286024985897666,0.06357396941569927,0.46443610943885755,0.003485178491126593,0.08990270344645268,0.3178757021179326,6.338251369067346,1.5373404706016296,0.09797340071360651,15.938289719875222,3,3,1.0,1.0,0.0,22.20625,0.825
0.11127643103045794,42.00675527728319,0.6022165009946956,0.32856463177744655,0.047025004941648865,0.3662047116152256,0.6980504771323508,0.013892992129210297,0.05356086454281789,0.4338926491825971,0.251670646247124,0.6873823214426596,0.01304831820016955,12.02542501447039,0,3,0.0,0.0,0.0,5.403125,0.05625
0.039274887934648124,59.715777232681276,0.6228975267218432,0.40991801995087085,0.0618874170270534,0.10179265292780826,0.6008955382666434,0.00013323617657609802,0.04010865841328125,0.37953266348045883,1.8322809371676498,5.901589173709338,0.08647050150256602,8.199180272515868,0,3,0.0,0.0,0.0,4.690625,0.0
0.12362982846133638,97.49085409472048,0.6560641007903157,0.3367836678551821,0.054806190956125475,0.11732482876697753,0.4425831208075522,0.00022359142820242491,0.043346212674206866,0.6427242923934294,5.92814374085745,3.6813058110074723,0.06705309825449766,16.28639426515695,0,3,0.0,0.0,0.0,4.175,0.0
0.12189151234542173,64.72529655687971,0.6248413727583703,0.21548825984139733,0.055441397865096456,0.38291094761212824,0.7347172128318487,0.008173279782988048,0.0870239048678244,0.6482747265514859,6.830481177564155,0.8266414646970228,0.014415543834773998,12.321783431920489,0,3,0.0,0.0,0.0,3.775,0.0
0.029747162317991543,93.23903692977665,0.6031885317838095,0.34374530495695854,0.0459652948191218,0.16309767258671268,0.6487274807591648,0.00043505804775542146,0.08834708958685952,0.7554864315322458,4.665702125326981,1.8572480291631834,0.017135273053615948,14.241282228642001,0,3,0.0,0.0,0.0,3.878125,0.0
0.08309262831734848,68.06535865513482,0.646941333138012,0.21665285960968428,0.06922590884886007,0.11141784760672804,0.6391211539842097,0.0005765706322184075,0.11573223164497123,0.49781921461802137,5.138177046818792,5.64192318402641,0.07838578827297052,17.794387460658562,0,3,0.0,0.0,0.0,3.80625,0.0
0.16865434942389748,61.848179935658095,0.6586777791831728,0.26308238752570046,0.04466055825262092,0.3247689808918372,0.3569007104721379,0.0007588154811294948,0.1052030875977511,0.3460189614837784,6.022641365026539,5.328613446917276,0.04030153752326654,9.26288046660518,3,3,1.0,1.0,1.0,28.64375,1.0
0.0452448035653217,35.58671717945234,0.6608299041708134,0.3731133116502958,0.065661493624673,0.20831004164101913,0.7387118278732356,0.002063939629057134,0.041513640240923924,0.7645324022407682,5.214787942737841,0.31051895081404274,0.030010955765972548,16.038922060799408,0,3,0.0,0.0,0.0,4.659375,0.0
0.08949906938918697,90.51111021213515,0.688328424124863,0.35695693238022097,0.056612804141981166,0.08182130392042343,0.6725362291975082,0.012012551408788975,0.06992904637022129,0.3626619391080854,0.9155197335694396,8.296862250043636,0.06361902030869268,6.8703425598859,0,3,0.0,0.3333333333333333,0.0,15.825,0.528125
0.19116883967070575,80.2934154176458,0.6845037040997918,0.2505383381950177,0.05612739485220716,0.25858388062376336,0.6711545854268961,0.004535433642130921,0.10948196496076859,0.5489432699316183,6.866828579367772,6.008472953239017,0.008204949734349798,11.619219209654126,3,3,1.0,1.0,1.0,27.009375,0.99375
0.1466887387783324,57.997681961310775,0.6155367673814072,0.3002955995290154,0.0635247561974631,0.06532821210217801,0.5685822831693426,0.001777587984078461,0.06971607646502301,0.6286134869557207,2.9436044130879244,2.316224678063454,0.09826918291784766,13.468445371786366,0,3,0.0,0.0,0.0,3.471875,0.0
