topology,network_realization,graph_seed,contact_probability,duration_years,ignitions,agent_replicates,ignition_probability,median_final_repertoire,median_first_ignition_year_if_any,density,clustering,mean_shortest_path,degree_cv,modularity
Erdos-Renyi,0,20337869,0.02,1500,0,8,0.0,8.03125,5187.5,0.2916666666666667,0.394047619047619,1.9083333333333332,0.4189393799604337,0.2706122448979591
Erdos-Renyi,1,20337870,0.02,1500,1,8,0.125,6.534375000000001,7100.0,0.25,0.2470238095238095,2.05,0.4055175020198813,0.2627777777777778
Erdos-Renyi,2,20337871,0.02,1500,0,8,0.0,5.671875,4325.0,0.175,0.2625,3.0083333333333333,0.4232473532055042,0.4047619047619047
Erdos-Renyi,3,20337872,0.02,1500,0,8,0.0,5.29375,5962.5,0.25,0.1529761904761905,2.033333333333333,0.3711842908553348,0.2133333333333333
Erdos-Renyi,4,20337873,0.02,1500,0,8,0.0,6.340625,4612.5,0.2666666666666666,0.1919642857142857,2.0,0.4592793267718459,0.20947265625
Erdos-Renyi,5,20337874,0.02,1500,0,8,0.0,5.290625,4162.5,0.2916666666666667,0.3720238095238095,1.9166666666666667,0.4030495994190253,0.2853061224489795
Erdos-Renyi,6,20337875,0.02,1500,0,8,0.0,5.5640625,8475.0,0.175,0.0,2.475,0.5016977977548923,0.3435374149659863
Erdos-Renyi,7,20337876,0.02,1500,0,8,0.0,6.278125,6600.0,0.1916666666666666,0.0479166666666666,2.45,0.3864432355354604,0.3109640831758034
Erdos-Renyi,8,20337877,0.02,1500,1,8,0.125,8.7234375,4400.0,0.2833333333333333,0.3028273809523809,1.9,0.2941176470588235,0.2400519031141868
Erdos-Renyi,9,20337878,0.02,1500,0,8,0.0,8.3125,7237.5,0.225,0.0857142857142857,2.075,0.543069566615377,0.2345679012345679
Erdos-Renyi,10,20337879,0.02,1500,0,8,0.0,5.6421875,6325.0,0.2416666666666666,0.275297619047619,2.05,0.4765612055546639,0.3240190249702735
Erdos-Renyi,11,20337880,0.02,1500,0,8,0.0,5.559374999999999,4225.0,0.2583333333333333,0.2229166666666666,2.058333333333333,0.2867159489456641,0.2778355879292403
Erdos-Renyi,12,20337881,0.02,1500,0,8,0.0,4.887499999999999,4900.0,0.2333333333333333,0.2339285714285714,2.1333333333333333,0.4285714285714285,0.2876275510204081
Erdos-Renyi,13,20337882,0.02,1500,0,8,0.0,4.378125,,0.175,0.1374999999999999,3.066666666666667,0.4832805507186771,0.4002267573696145
Erdos-Renyi,14,20337883,0.02,1500,0,8,0.0,5.1390625,5550.0,0.1916666666666666,0.2041666666666666,2.466666666666667,0.4412561550040095,0.3742911153119092
Erdos-Renyi,15,20337884,0.02,1500,0,8,0.0,7.4015625,4350.0,0.2333333333333333,0.2821428571428571,2.125,0.4738035414793428,0.350765306122449
Erdos-Renyi,16,20337885,0.02,1500,0,8,0.0,6.3015625,5725.0,0.225,0.1833333333333333,2.15,0.4303314829119352,0.3511659807956104
Erdos-Renyi,17,20337886,0.02,1500,0,8,0.0,5.9875,5812.5,0.1666666666666666,0.225,2.708333333333333,0.6324555320336759,0.3325
Erdos-Renyi,18,20337887,0.02,1500,0,8,0.0,4.884375,4800.0,0.2916666666666667,0.2647321428571428,1.8666666666666667,0.3948649988881501,0.2330612244897958
Erdos-Renyi,19,20337888,0.02,1500,0,8,0.0,5.215625,4700.0,0.2666666666666666,0.3208333333333333,1.95,0.2931509849889643,0.28369140625
Erdos-Renyi,0,20271294,0.04,1500,0,8,0.0,6.703125,6250.0,0.2083333333333333,0.075,2.3,0.4783304297240559,0.2391999999999999
Erdos-Renyi,1,20271295,0.04,1500,0,8,0.0,9.9484375,4475.0,0.2166666666666666,0.18125,2.3666666666666667,0.3846153846153846,0.3202662721893491
Erdos-Renyi,2,20271296,0.04,1500,0,8,0.0,10.546875,4612.5,0.2916666666666667,0.3232142857142857,1.875,0.3319700011034928,0.2599999999999999
Erdos-Renyi,3,20271297,0.04,1500,0,8,0.0,5.3015625,7425.0,0.225,0.1827380952380952,2.316666666666667,0.4551187306460929,0.3449931412894376
Erdos-Renyi,4,20271298,0.04,1500,0,8,0.0,6.265625,4475.0,0.2166666666666666,0.2446428571428571,2.2,0.5493406483494501,0.3173076923076923
Erdos-Renyi,5,20271299,0.04,1500,1,8,0.125,6.453125,4175.0,0.1666666666666666,0.05625,2.7333333333333334,0.5291502622129182,0.38875
Erdos-Renyi,6,20271300,0.04,1500,0,8,0.0,8.2015625,5700.0,0.2333333333333333,0.2479166666666666,2.225,0.4844521416518049,0.2991071428571429
Erdos-Renyi,7,20271301,0.04,1500,1,8,0.125,13.0078125,4100.0,0.225,0.2886904761904761,2.2666666666666666,0.4551187306460929,0.3251028806584362
Erdos-Renyi,8,20271302,0.04,1500,0,8,0.0,6.90625,4825.0,0.2083333333333333,0.1979166666666666,2.4,0.3174901573277509,0.3816
Erdos-Renyi,9,20271303,0.04,1500,0,8,0.0,8.821875,4600.0,0.25,0.1342261904761904,2.025,0.3944053188733077,0.2627777777777778
Erdos-Renyi,10,20271304,0.04,1500,0,8,0.0,6.401562500000001,6600.0,0.2416666666666666,0.2458333333333333,2.191666666666667,0.5506454973334935,0.2342449464922711
Erdos-Renyi,11,20271305,0.04,1500,0,8,0.0,7.043749999999999,5550.0,0.1833333333333333,0.15625,2.7,0.4165977904505309,0.4287190082644627
Erdos-Renyi,12,20271306,0.04,1500,1,8,0.125,7.753125,4737.5,0.1833333333333333,0.0812499999999999,2.6083333333333334,0.5222329678670935,0.3564049586776859
Erdos-Renyi,13,20271307,0.04,1500,2,8,0.25,10.9421875,4325.0,0.2166666666666666,0.1916666666666666,2.175,0.5044183480232308,0.3025147928994083
Erdos-Renyi,14,20271308,0.04,1500,0,8,0.0,7.81875,8062.5,0.1833333333333333,0.11875,2.45,0.5677270907634907,0.3212809917355372
Erdos-Renyi,15,20271309,0.04,1500,0,8,0.0,5.078125,5050.0,0.1583333333333333,0.0458333333333333,3.0,0.5545080922554073,0.4168975069252077
Erdos-Renyi,16,20271310,0.04,1500,1,8,0.125,9.153125,4612.5,0.25,0.3370535714285714,2.066666666666667,0.4944132324730442,0.2911111111111111
Erdos-Renyi,17,20271311,0.04,1500,1,8,0.125,7.4515625,7287.5,0.2083333333333333,0.0270833333333333,2.25,0.4214261501141095,0.3016
Erdos-Renyi,18,20271312,0.04,1500,1,8,0.125,10.8,4337.5,0.325,0.2303571428571428,1.8416666666666663,0.3391988860339218,0.1817882971729125
Erdos-Renyi,19,20271313,0.04,1500,1,8,0.125,6.3078125,5387.5,0.1833333333333333,0.1586309523809523,2.75,0.6863485850246136,0.3150826446280991
Erdos-Renyi,0,20338137,0.06,1500,3,8,0.375,7.346875,4075.0,0.2083333333333333,0.2020833333333333,2.425,0.3898717737923585,0.3352
Erdos-Renyi,1,20338138,0.06,1500,2,8,0.25,15.890625,3987.5,0.2083333333333333,0.1687499999999999,2.658333333333333,0.4059556626036887,0.3455999999999999
Erdos-Renyi,2,20338139,0.06,1500,2,8,0.25,11.371875,4300.0,0.2166666666666666,0.1854166666666666,2.3,0.335299918733898,0.3542899408284024
Erdos-Renyi,3,20338140,0.06,1500,1,8,0.125,10.1453125,4237.5,0.1833333333333333,0.14375,2.683333333333333,0.4359846839375199,0.3636363636363636
Erdos-Renyi,4,20338141,0.06,1500,2,8,0.25,12.978125,4050.0,0.1916666666666666,0.0375,2.466666666666667,0.3450979970953814,0.327977315689981
Erdos-Renyi,5,20338142,0.06,1500,2,8,0.25,10.021875,4537.5,0.2583333333333333,0.175,2.0083333333333333,0.3273835988739425,0.2497398543184183
Erdos-Renyi,6,20338143,0.06,1500,3,8,0.375,7.6296875,4500.0,0.2333333333333333,0.2214285714285714,2.2416666666666667,0.4948716593053935,0.309311224489796
Erdos-Renyi,7,20338144,0.06,1500,0,8,0.0,12.4515625,4225.0,0.2,0.0895833333333333,2.466666666666667,0.5137011669140813,0.3342013888888889
Erdos-Renyi,8,20338145,0.06,1500,2,8,0.25,11.75625,4250.0,0.2166666666666666,0.1229166666666666,2.225,0.4418894343490791,0.2847633136094675
Erdos-Renyi,9,20338146,0.06,1500,3,8,0.375,8.221875,3850.0,0.2333333333333333,0.2833333333333333,2.075,0.4948716593053935,0.2799744897959183
Erdos-Renyi,10,20338147,0.06,1500,2,8,0.25,8.5453125,4250.0,0.2166666666666666,0.1458333333333333,2.275,0.455083060238432,0.360207100591716
Erdos-Renyi,11,20338148,0.06,1500,0,8,0.0,7.426562499999999,4325.0,0.2166666666666666,0.4485119047619047,2.3916666666666666,0.4925480182640652,0.3986686390532544
Erdos-Renyi,12,20338149,0.06,1500,2,8,0.25,8.728125,4262.5,0.2583333333333333,0.3511904761904761,2.25,0.4363790083376994,0.2960457856399583
Erdos-Renyi,13,20338150,0.06,1500,0,8,0.0,6.903125,4750.0,0.1666666666666666,0.09375,2.941666666666667,0.3464101615137754,0.47875
Erdos-Renyi,14,20338151,0.06,1500,2,8,0.25,17.340625,3950.0,0.2583333333333333,0.1833333333333333,2.0166666666666666,0.3518939391817972,0.2767950052029136
Erdos-Renyi,15,20338152,0.06,1500,1,8,0.125,11.0859375,4150.0,0.1916666666666666,0.24375,2.6666666666666665,0.4237736671656071,0.439508506616257
Erdos-Renyi,16,20338153,0.06,1500,2,8,0.25,11.5234375,4025.0,0.25,0.1166666666666666,2.0083333333333333,0.3333333333333333,0.2338888888888889
Erdos-Renyi,17,20338154,0.06,1500,5,8,0.625,20.6109375,3975.0,0.2416666666666666,0.15,2.158333333333333,0.4456154477006926,0.2621878715814507
Erdos-Renyi,18,20338155,0.06,1500,0,8,0.0,11.225,4262.5,0.2,0.1354166666666666,2.325,0.4249182927993987,0.3550347222222222
Erdos-Renyi,19,20338156,0.06,1500,1,8,0.125,7.890625,4375.0,0.15,0.03125,3.1083333333333334,0.5328701692569688,0.4398148148148147
Erdos-Renyi,0,20279309,0.08,1500,2,8,0.25,9.8171875,4250.0,0.275,0.3194940476190476,1.9916666666666667,0.3916014540400026,0.2874196510560147
Erdos-Renyi,1,20279310,0.08,1500,1,8,0.125,11.9828125,4225.0,0.1833333333333333,0.15,2.45,0.5061603966209111,0.3605371900826446
Erdos-Renyi,2,20279311,0.08,1500,2,8,0.25,11.8875,4187.5,0.2166666666666666,0.3255952380952381,2.3666666666666667,0.4679048100229399,0.3720414201183432
Erdos-Renyi,3,20279312,0.08,1500,5,8,0.625,20.0140625,3875.0,0.2083333333333333,0.09375,2.283333333333333,0.4363484845854286,0.3336
Erdos-Renyi,4,20279313,0.08,1500,1,8,0.125,7.8953125,3800.0,0.1666666666666666,0.0854166666666666,2.8,0.469041575982343,0.36625
Erdos-Renyi,5,20279314,0.08,1500,2,8,0.25,9.059375,4100.0,0.225,0.0895833333333333,2.216666666666667,0.312079621228754,0.2668038408779149
Erdos-Renyi,6,20279315,0.08,1500,4,8,0.5,17.3234375,4062.5,0.1833333333333333,0.1770833333333333,2.708333333333333,0.3962635403218794,0.4245867768595041
Erdos-Renyi,7,20279316,0.08,1500,2,8,0.25,15.01875,4100.0,0.175,0.2979166666666666,2.7416666666666667,0.6153737134914327,0.4478458049886621
Erdos-Renyi,8,20279317,0.08,1500,3,8,0.375,15.0953125,4050.0,0.175,0.09375,2.725,0.2973808570665904,0.3741496598639455
Erdos-Renyi,9,20279318,0.08,1500,1,8,0.125,6.1171875,7875.0,0.225,0.125,2.208333333333333,0.3758848727811933,0.2633744855967078
Erdos-Renyi,10,20279319,0.08,1500,5,8,0.625,22.375,3925.0,0.2166666666666666,0.2193452380952381,2.216666666666667,0.455083060238432,0.3136094674556213
Erdos-Renyi,11,20279320,0.08,1500,4,8,0.5,17.271875,3912.5,0.25,0.1020833333333333,2.183333333333333,0.4268749491621899,0.2505555555555556
Erdos-Renyi,12,20279321,0.08,1500,2,8,0.25,9.0953125,4425.0,0.2416666666666666,0.1632440476190476,2.0416666666666665,0.5056164930556959,0.2443519619500594
Erdos-Renyi,13,20279322,0.08,1500,1,8,0.125,10.7484375,4050.0,0.225,0.1645833333333333,2.25,0.4303314829119352,0.3038408779149519
Erdos-Renyi,14,20279323,0.08,1500,1,8,0.125,9.53125,4100.0,0.25,0.3696428571428571,2.083333333333333,0.4570436400267362,0.2827777777777778
Erdos-Renyi,15,20279324,0.08,1500,5,8,0.625,21.6171875,3662.5,0.2583333333333333,0.1854166666666666,2.025,0.3144127208002891,0.2585848074921956
Erdos-Renyi,16,20279325,0.08,1500,2,8,0.25,14.33125,4150.0,0.2166666666666666,0.1735119047619047,2.175,0.4679048100229399,0.3461538461538461
Erdos-Renyi,17,20279326,0.08,1500,3,8,0.375,19.8546875,4325.0,0.2416666666666666,0.0833333333333333,2.1,0.363298405270784,0.2360285374554102
Erdos-Renyi,18,20279327,0.08,1500,7,8,0.875,24.8,3887.5,0.25,0.06875,2.0166666666666666,0.4371625682868,0.2061111111111111
Erdos-Renyi,19,20279328,0.08,1500,4,8,0.5,15.046875,3687.5,0.2583333333333333,0.2452380952380952,1.95,0.3748048399555564,0.2596253902185223
Erdos-Renyi,0,20296641,0.12,1500,7,8,0.875,26.696875,3875.0,0.1833333333333333,0.1416666666666666,2.3833333333333333,0.5061603966209111,0.3729338842975206
Erdos-Renyi,1,20296642,0.12,1500,6,8,0.75,27.565625,3750.0,0.3333333333333333,0.1878472222222222,1.7833333333333334,0.3391164991562634,0.124375
Erdos-Renyi,2,20296643,0.12,1500,6,8,0.75,27.4609375,3687.5,0.25,0.2020833333333333,2.058333333333333,0.3464101615137754,0.2861111111111111
Erdos-Renyi,3,20296644,0.12,1500,6,8,0.75,26.8515625,3762.5,0.2083333333333333,0.1458333333333333,2.525,0.529150262212918,0.296
Erdos-Renyi,4,20296645,0.12,1500,6,8,0.75,24.9578125,3762.5,0.2666666666666666,0.2598214285714286,2.091666666666667,0.4506939094329986,0.25732421875
Erdos-Renyi,5,20296646,0.12,1500,5,8,0.625,19.61875,3950.0,0.2333333333333333,0.2386904761904761,2.2,0.5439837932759934,0.2691326530612244
Erdos-Renyi,6,20296647,0.12,1500,5,8,0.625,26.1734375,3850.0,0.2833333333333333,0.3119047619047619,1.9083333333333332,0.305656024865096,0.2677335640138408
Erdos-Renyi,7,20296648,0.12,1500,6,8,0.75,27.4078125,3912.5,0.2083333333333333,0.05625,2.408333333333333,0.46475800154489,0.2712
Erdos-Renyi,8,20296649,0.12,1500,5,8,0.625,25.175,4037.5,0.3083333333333333,0.2842261904761904,1.95,0.4247630715000463,0.2297297297297297
Erdos-Renyi,9,20296650,0.12,1500,2,8,0.25,8.2796875,4050.0,0.1916666666666666,0.1526785714285714,2.4,0.5482400092573257,0.3260869565217391
Erdos-Renyi,10,20296651,0.12,1500,6,8,0.75,26.207812500000003,3937.5,0.25,0.3421130952380952,2.0166666666666666,0.5374838498865699,0.2661111111111111
Erdos-Renyi,11,20296652,0.12,1500,4,8,0.5,21.8578125,4025.0,0.2583333333333333,0.3107142857142857,2.0416666666666665,0.3008831952609295,0.3033298647242455
Erdos-Renyi,12,20296653,0.12,1500,4,8,0.5,19.7359375,4037.5,0.25,0.1875,2.0166666666666666,0.447213595499958,0.2494444444444444
Erdos-Renyi,13,20296654,0.12,1500,5,8,0.625,25.6328125,3687.5,0.2,0.1145833333333333,2.458333333333333,0.3726779962499649,0.359375
Erdos-Renyi,14,20296655,0.12,1500,6,8,0.75,26.8375,3937.5,0.2333333333333333,0.3889880952380952,2.1083333333333334,0.4844521416518049,0.3488520408163265
Erdos-Renyi,15,20296656,0.12,1500,5,8,0.625,25.1796875,3987.5,0.1833333333333333,0.21875,2.8666666666666667,0.5061603966209111,0.4142561983471073
Erdos-Renyi,16,20296657,0.12,1500,4,8,0.5,18.4875,4175.0,0.175,0.30625,2.658333333333333,0.4441609072899436,0.4659863945578231
Erdos-Renyi,17,20296658,0.12,1500,5,8,0.625,20.946875,4125.0,0.2333333333333333,0.1778273809523809,2.2583333333333333,0.5150787536377127,0.2506377551020408
Erdos-Renyi,18,20296659,0.12,1500,7,8,0.875,25.928125,3700.0,0.2,0.0999999999999999,2.408333333333333,0.3726779962499649,0.3420138888888889
Erdos-Renyi,19,20296660,0.12,1500,6,8,0.75,27.45625,3562.5,0.2333333333333333,0.0791666666666666,2.125,0.3030457633656632,0.2876275510204081
Erdos-Renyi,0,20334774,0.18,1500,5,8,0.625,27.4625,3675.0,0.275,0.2485119047619047,1.9666666666666663,0.3075421686391582,0.2943067033976125
Erdos-Renyi,1,20334775,0.18,1500,7,8,0.875,27.6,3625.0,0.2083333333333333,0.0791666666666666,2.3833333333333333,0.3730951621235526,0.3671999999999999
Erdos-Renyi,2,20334776,0.18,1500,5,8,0.625,26.2140625,4062.5,0.2666666666666666,0.2934523809523809,2.0,0.4506939094329986,0.25244140625
Erdos-Renyi,3,20334777,0.18,1500,8,8,1.0,27.65,3575.0,0.225,0.1958333333333333,2.158333333333333,0.5725786975459373,0.2544581618655692
Erdos-Renyi,4,20334778,0.18,1500,5,8,0.625,24.9,4025.0,0.1416666666666666,0.0375,2.9833333333333334,0.548669356064048,0.4480968858131487
Erdos-Renyi,5,20334779,0.18,1500,7,8,0.875,27.771875,3562.5,0.3166666666666666,0.1875,1.8666666666666667,0.2734817064582437,0.1900969529085872
Erdos-Renyi,6,20334780,0.18,1500,6,8,0.75,27.3671875,3625.0,0.2333333333333333,0.1124999999999999,2.1083333333333334,0.3642156795423417,0.278061224489796
Erdos-Renyi,7,20334781,0.18,1500,5,8,0.625,25.15,4000.0,0.2416666666666666,0.3717261904761905,2.1333333333333333,0.524092557019678,0.3145065398335315
Erdos-Renyi,8,20334782,0.18,1500,5,8,0.625,19.6140625,4275.0,0.225,0.1601190476190476,2.15,0.4670192671451293,0.2873799725651577
Erdos-Renyi,9,20334783,0.18,1500,7,8,0.875,26.6203125,3525.0,0.1833333333333333,0.2833333333333333,2.4916666666666667,0.4545454545454545,0.4287190082644628
Erdos-Renyi,10,20334784,0.18,1500,7,8,0.875,27.471875,3875.0,0.2083333333333333,0.0625,2.316666666666667,0.4507771067833858,0.2792
Erdos-Renyi,11,20334785,0.18,1500,3,8,0.375,15.703125,4125.0,0.225,0.3270833333333333,2.475,0.4899539464934427,0.3285322359396433
Erdos-Renyi,12,20334786,0.18,1500,5,8,0.625,21.9234375,4000.0,0.1833333333333333,0.1687499999999999,3.0,0.4165977904505309,0.4421487603305785
Erdos-Renyi,13,20334787,0.18,1500,7,8,0.875,27.6984375,3562.5,0.2166666666666666,0.0666666666666666,2.2333333333333334,0.4679048100229399,0.275887573964497
Erdos-Renyi,14,20334788,0.18,1500,5,8,0.625,27.5375,3812.5,0.1666666666666666,0.1309523809523809,2.775,0.565685424949238,0.3725
Erdos-Renyi,15,20334789,0.18,1500,5,8,0.625,27.009375,3900.0,0.2416666666666666,0.2041666666666666,2.1083333333333334,0.4561640191490673,0.3091557669441142
Erdos-Renyi,16,20334790,0.18,1500,5,8,0.625,27.5796875,3575.0,0.2833333333333333,0.2014880952380952,1.9916666666666667,0.3578095606057776,0.2781141868512111
Erdos-Renyi,17,20334791,0.18,1500,6,8,0.75,27.2453125,3562.5,0.1916666666666666,0.0791666666666666,2.308333333333333,0.3663543379641895,0.3241965973534972
Erdos-Renyi,18,20334792,0.18,1500,4,8,0.5,17.41875,4150.0,0.2166666666666666,0.3638888888888889,2.2666666666666666,0.6105579948610594,0.3039940828402367
Erdos-Renyi,19,20334793,0.18,1500,5,8,0.625,27.6796875,3800.0,0.225,0.2125,2.2666666666666666,0.4551187306460929,0.3038408779149519
Global,0,20272139,0.02,1500,13,120,0.1083333333333333,10.096875,4400.0,1.0,1.0,1.0,0.0,0.0
Global,0,20309635,0.04,1500,42,120,0.35,16.0546875,4150.0,1.0,1.0,1.0,0.0,0.0
Global,0,20328419,0.06,1500,64,120,0.5333333333333333,20.790625,3912.5,1.0,1.0,1.0,0.0,0.0
Global,0,20351148,0.08,1500,85,120,0.7083333333333334,26.2234375,3775.0,1.0,1.0,1.0,0.0,0.0
Global,0,20280655,0.12,1500,97,120,0.8083333333333333,27.5875,3775.0,1.0,1.0,1.0,0.0,0.0
Global,0,20353053,0.18,1500,111,120,0.925,27.6515625,3612.5,1.0,1.0,1.0,0.0,0.0
Gravity,0,20336992,0.02,1500,0,8,0.0,8.9875,4825.0,1.0,1.0,1.0,0.0,0.0
Gravity,1,20336993,0.02,1500,1,8,0.125,7.4828125,5675.0,1.0,1.0,1.0,0.0,0.0
Gravity,2,20336994,0.02,1500,1,8,0.125,7.6546875,5462.5,1.0,1.0,1.0,0.0,0.0
Gravity,3,20336995,0.02,1500,1,8,0.125,6.58125,4300.0,1.0,1.0,1.0,0.0,0.0
Gravity,4,20336996,0.02,1500,0,8,0.0,8.1203125,4512.5,1.0,1.0,1.0,0.0,0.0
Gravity,5,20336997,0.02,1500,0,8,0.0,8.215625,7350.0,1.0,1.0,1.0,0.0,0.0
Gravity,6,20336998,0.02,1500,2,8,0.25,11.3203125,4537.5,1.0,1.0,1.0,0.0,0.0
Gravity,7,20336999,0.02,1500,1,8,0.125,9.5453125,4387.5,1.0,1.0,1.0,0.0,0.0
Gravity,8,20337000,0.02,1500,0,8,0.0,6.053125,6650.0,1.0,1.0,1.0,0.0,0.0
Gravity,9,20337001,0.02,1500,0,8,0.0,9.3734375,5275.0,1.0,1.0,1.0,0.0,0.0
Gravity,10,20337002,0.02,1500,2,8,0.25,14.615625,4375.0,1.0,1.0,1.0,0.0,0.0
Gravity,11,20337003,0.02,1500,0,8,0.0,7.3921875,6687.5,1.0,1.0,1.0,0.0,0.0
Gravity,12,20337004,0.02,1500,0,8,0.0,9.134375,4525.0,1.0,1.0,1.0,0.0,0.0
Gravity,13,20337005,0.02,1500,1,8,0.125,9.615625,4662.5,1.0,1.0,1.0,0.0,0.0
Gravity,14,20337006,0.02,1500,1,8,0.125,14.01875,4400.0,1.0,1.0,1.0,0.0,0.0
Gravity,15,20337007,0.02,1500,0,8,0.0,5.973437499999999,5025.0,1.0,1.0,1.0,0.0,0.0
Gravity,16,20337008,0.02,1500,1,8,0.125,10.634375,4500.0,1.0,1.0,1.0,0.0,0.0
Gravity,17,20337009,0.02,1500,0,8,0.0,7.135937500000001,6225.0,1.0,1.0,1.0,0.0,0.0
Gravity,18,20337010,0.02,1500,0,8,0.0,7.6578125,5837.5,1.0,1.0,1.0,0.0,0.0
Gravity,19,20337011,0.02,1500,2,8,0.25,10.85,4325.0,1.0,1.0,1.0,0.0,0.0
Gravity,0,20271701,0.04,1500,2,8,0.25,14.434375,4050.0,1.0,1.0,1.0,0.0,0.0
Gravity,1,20271702,0.04,1500,5,8,0.625,19.7484375,3925.0,1.0,1.0,1.0,0.0,0.0
Gravity,2,20271703,0.04,1500,4,8,0.5,19.7578125,4062.5,1.0,1.0,1.0,0.0,0.0
Gravity,3,20271704,0.04,1500,3,8,0.375,17.4765625,4175.0,1.0,1.0,1.0,0.0,0.0
Gravity,4,20271705,0.04,1500,4,8,0.5,19.221875,4487.5,1.0,1.0,1.0,0.0,0.0
Gravity,5,20271706,0.04,1500,2,8,0.25,11.0828125,3925.0,1.0,1.0,1.0,0.0,0.0
Gravity,6,20271707,0.04,1500,0,8,0.0,9.303125,4725.0,1.0,1.0,1.0,0.0,0.0
Gravity,7,20271708,0.04,1500,3,8,0.375,7.059375,4275.0,1.0,1.0,1.0,0.0,0.0
Gravity,8,20271709,0.04,1500,2,8,0.25,13.8140625,3875.0,1.0,1.0,1.0,0.0,0.0
Gravity,9,20271710,0.04,1500,4,8,0.5,19.8828125,3875.0,1.0,1.0,1.0,0.0,0.0
Gravity,10,20271711,0.04,1500,1,8,0.125,13.79375,4400.0,1.0,1.0,1.0,0.0,0.0
Gravity,11,20271712,0.04,1500,3,8,0.375,12.10625,3825.0,1.0,1.0,1.0,0.0,0.0
Gravity,12,20271713,0.04,1500,1,8,0.125,12.6375,4625.0,1.0,1.0,1.0,0.0,0.0
Gravity,13,20271714,0.04,1500,3,8,0.375,11.9015625,3875.0,1.0,1.0,1.0,0.0,0.0
Gravity,14,20271715,0.04,1500,3,8,0.375,13.6328125,4012.5,1.0,1.0,1.0,0.0,0.0
Gravity,15,20271716,0.04,1500,3,8,0.375,11.64375,4425.0,1.0,1.0,1.0,0.0,0.0
Gravity,16,20271717,0.04,1500,1,8,0.125,13.9875,4287.5,1.0,1.0,1.0,0.0,0.0
Gravity,17,20271718,0.04,1500,1,8,0.125,12.0375,4025.0,1.0,1.0,1.0,0.0,0.0
Gravity,18,20271719,0.04,1500,5,8,0.625,19.534375,4012.5,1.0,1.0,1.0,0.0,0.0
Gravity,19,20271720,0.04,1500,2,8,0.25,8.5328125,4200.0,1.0,1.0,1.0,0.0,0.0
Gravity,0,20357434,0.06,1500,5,8,0.625,22.3375,3975.0,1.0,1.0,1.0,0.0,0.0
Gravity,1,20357435,0.06,1500,6,8,0.75,22.0265625,4012.5,1.0,1.0,1.0,0.0,0.0
Gravity,2,20357436,0.06,1500,5,8,0.625,23.606250000000003,3925.0,1.0,1.0,1.0,0.0,0.0
Gravity,3,20357437,0.06,1500,3,8,0.375,12.64375,4725.0,1.0,1.0,1.0,0.0,0.0
Gravity,4,20357438,0.06,1500,2,8,0.25,15.028125,4375.0,1.0,1.0,1.0,0.0,0.0
Gravity,5,20357439,0.06,1500,4,8,0.5,16.84375,4300.0,1.0,1.0,1.0,0.0,0.0
Gravity,6,20357440,0.06,1500,6,8,0.75,25.3515625,3687.5,1.0,1.0,1.0,0.0,0.0
Gravity,7,20357441,0.06,1500,5,8,0.625,24.721875,3850.0,1.0,1.0,1.0,0.0,0.0
Gravity,8,20357442,0.06,1500,4,8,0.5,19.6609375,3987.5,1.0,1.0,1.0,0.0,0.0
Gravity,9,20357443,0.06,1500,8,8,1.0,26.38125,3862.5,1.0,1.0,1.0,0.0,0.0
Gravity,10,20357444,0.06,1500,5,8,0.625,24.8296875,3650.0,1.0,1.0,1.0,0.0,0.0
Gravity,11,20357445,0.06,1500,2,8,0.25,14.328125,3837.5,1.0,1.0,1.0,0.0,0.0
Gravity,12,20357446,0.06,1500,6,8,0.75,22.471875,3812.5,1.0,1.0,1.0,0.0,0.0
Gravity,13,20357447,0.06,1500,5,8,0.625,24.196875,3762.5,1.0,1.0,1.0,0.0,0.0
Gravity,14,20357448,0.06,1500,2,8,0.25,13.5828125,4237.5,1.0,1.0,1.0,0.0,0.0
Gravity,15,20357449,0.06,1500,2,8,0.25,11.059375,4175.0,1.0,1.0,1.0,0.0,0.0
Gravity,16,20357450,0.06,1500,4,8,0.5,19.0078125,4162.5,1.0,1.0,1.0,0.0,0.0
Gravity,17,20357451,0.06,1500,2,8,0.25,16.14375,4075.0,1.0,1.0,1.0,0.0,0.0
Gravity,18,20357452,0.06,1500,2,8,0.25,12.5796875,4087.5,1.0,1.0,1.0,0.0,0.0
Gravity,19,20357453,0.06,1500,5,8,0.625,19.4171875,3775.0,1.0,1.0,1.0,0.0,0.0
Gravity,0,20351987,0.08,1500,3,8,0.375,17.50625,4000.0,1.0,1.0,1.0,0.0,0.0
Gravity,1,20351988,0.08,1500,4,8,0.5,17.5640625,4025.0,1.0,1.0,1.0,0.0,0.0
Gravity,2,20351989,0.08,1500,5,8,0.625,25.5921875,3850.0,1.0,1.0,1.0,0.0,0.0
Gravity,3,20351990,0.08,1500,6,8,0.75,25.9046875,3887.5,1.0,1.0,1.0,0.0,0.0
Gravity,4,20351991,0.08,1500,7,8,0.875,25.428125,3975.0,1.0,1.0,1.0,0.0,0.0
Gravity,5,20351992,0.08,1500,7,8,0.875,26.1,3737.5,1.0,1.0,1.0,0.0,0.0
Gravity,6,20351993,0.08,1500,7,8,0.875,27.4140625,3650.0,1.0,1.0,1.0,0.0,0.0
Gravity,7,20351994,0.08,1500,3,8,0.375,17.0390625,4225.0,1.0,1.0,1.0,0.0,0.0
Gravity,8,20351995,0.08,1500,6,8,0.75,26.959375,3700.0,1.0,1.0,1.0,0.0,0.0
Gravity,9,20351996,0.08,1500,4,8,0.5,20.69375,4150.0,1.0,1.0,1.0,0.0,0.0
Gravity,10,20351997,0.08,1500,7,8,0.875,26.809375,3825.0,1.0,1.0,1.0,0.0,0.0
Gravity,11,20351998,0.08,1500,6,8,0.75,23.896875,3950.0,1.0,1.0,1.0,0.0,0.0
Gravity,12,20351999,0.08,1500,7,8,0.875,26.8328125,3637.5,1.0,1.0,1.0,0.0,0.0
Gravity,13,20352000,0.08,1500,5,8,0.625,26.25,3812.5,1.0,1.0,1.0,0.0,0.0
Gravity,14,20352001,0.08,1500,7,8,0.875,27.565625,3837.5,1.0,1.0,1.0,0.0,0.0
Gravity,15,20352002,0.08,1500,6,8,0.75,25.5,3787.5,1.0,1.0,1.0,0.0,0.0
Gravity,16,20352003,0.08,1500,5,8,0.625,22.934375,4162.5,1.0,1.0,1.0,0.0,0.0
Gravity,17,20352004,0.08,1500,6,8,0.75,24.895312500000003,3850.0,1.0,1.0,1.0,0.0,0.0
Gravity,18,20352005,0.08,1500,4,8,0.5,20.504687500000003,3825.0,1.0,1.0,1.0,0.0,0.0
Gravity,19,20352006,0.08,1500,6,8,0.75,26.3390625,3600.0,1.0,1.0,1.0,0.0,0.0
Gravity,0,20351935,0.12,1500,7,8,0.875,27.5859375,3462.5,1.0,1.0,1.0,0.0,0.0
Gravity,1,20351936,0.12,1500,7,8,0.875,26.5953125,3825.0,1.0,1.0,1.0,0.0,0.0
Gravity,2,20351937,0.12,1500,7,8,0.875,27.0875,3850.0,1.0,1.0,1.0,0.0,0.0
Gravity,3,20351938,0.12,1500,8,8,1.0,27.660937500000003,3625.0,1.0,1.0,1.0,0.0,0.0
Gravity,4,20351939,0.12,1500,8,8,1.0,27.5484375,3612.5,1.0,1.0,1.0,0.0,0.0
Gravity,5,20351940,0.12,1500,7,8,0.875,27.5359375,3675.0,1.0,1.0,1.0,0.0,0.0
Gravity,6,20351941,0.12,1500,6,8,0.75,27.53125,3725.0,1.0,1.0,1.0,0.0,0.0
Gravity,7,20351942,0.12,1500,5,8,0.625,24.703125,3750.0,1.0,1.0,1.0,0.0,0.0
Gravity,8,20351943,0.12,1500,5,8,0.625,26.9171875,3975.0,1.0,1.0,1.0,0.0,0.0
Gravity,9,20351944,0.12,1500,8,8,1.0,27.7875,3587.5,1.0,1.0,1.0,0.0,0.0
Gravity,10,20351945,0.12,1500,7,8,0.875,27.103125,3775.0,1.0,1.0,1.0,0.0,0.0
Gravity,11,20351946,0.12,1500,7,8,0.875,27.5796875,3625.0,1.0,1.0,1.0,0.0,0.0
Gravity,12,20351947,0.12,1500,8,8,1.0,27.590625,3862.5,1.0,1.0,1.0,0.0,0.0
Gravity,13,20351948,0.12,1500,6,8,0.75,26.321875,3875.0,1.0,1.0,1.0,0.0,0.0
Gravity,14,20351949,0.12,1500,6,8,0.75,27.4953125,3762.5,1.0,1.0,1.0,0.0,0.0
Gravity,15,20351950,0.12,1500,5,8,0.625,24.3890625,3950.0,1.0,1.0,1.0,0.0,0.0
Gravity,16,20351951,0.12,1500,5,8,0.625,27.4953125,3925.0,1.0,1.0,1.0,0.0,0.0
Gravity,17,20351952,0.12,1500,6,8,0.75,26.4109375,3975.0,1.0,1.0,1.0,0.0,0.0
Gravity,18,20351953,0.12,1500,8,8,1.0,27.084375,3550.0,1.0,1.0,1.0,0.0,0.0
Gravity,19,20351954,0.12,1500,6,8,0.75,27.6234375,3875.0,1.0,1.0,1.0,0.0,0.0
Gravity,0,20354979,0.18,1500,8,8,1.0,27.7578125,3500.0,1.0,1.0,1.0,0.0,0.0
Gravity,1,20354980,0.18,1500,6,8,0.75,27.603125,3637.5,1.0,1.0,1.0,0.0,0.0
Gravity,2,20354981,0.18,1500,7,8,0.875,27.6640625,3625.0,1.0,1.0,1.0,0.0,0.0
Gravity,3,20354982,0.18,1500,7,8,0.875,27.8265625,3662.5,1.0,1.0,1.0,0.0,0.0
Gravity,4,20354983,0.18,1500,8,8,1.0,27.5859375,3600.0,1.0,1.0,1.0,0.0,0.0
Gravity,5,20354984,0.18,1500,7,8,0.875,27.4296875,3550.0,1.0,1.0,1.0,0.0,0.0
Gravity,6,20354985,0.18,1500,8,8,1.0,27.675,3687.5,1.0,1.0,1.0,0.0,0.0
Gravity,7,20354986,0.18,1500,4,8,0.5,19.784375,3650.0,1.0,1.0,1.0,0.0,0.0
Gravity,8,20354987,0.18,1500,5,8,0.625,27.484375,3400.0,1.0,1.0,1.0,0.0,0.0
Gravity,9,20354988,0.18,1500,6,8,0.75,27.5921875,3475.0,1.0,1.0,1.0,0.0,0.0
Gravity,10,20354989,0.18,1500,8,8,1.0,27.771875,3462.5,1.0,1.0,1.0,0.0,0.0
Gravity,11,20354990,0.18,1500,7,8,0.875,27.6625,3837.5,1.0,1.0,1.0,0.0,0.0
Gravity,12,20354991,0.18,1500,7,8,0.875,27.5703125,3462.5,1.0,1.0,1.0,0.0,0.0
Gravity,13,20354992,0.18,1500,8,8,1.0,27.637500000000003,3512.5,1.0,1.0,1.0,0.0,0.0
Gravity,14,20354993,0.18,1500,6,8,0.75,27.5125,3750.0,1.0,1.0,1.0,0.0,0.0
Gravity,15,20354994,0.18,1500,8,8,1.0,27.578125,3737.5,1.0,1.0,1.0,0.0,0.0
Gravity,16,20354995,0.18,1500,8,8,1.0,27.473437500000003,3637.5,1.0,1.0,1.0,0.0,0.0
Gravity,17,20354996,0.18,1500,7,8,0.875,27.659375,3562.5,1.0,1.0,1.0,0.0,0.0
Gravity,18,20354997,0.18,1500,8,8,1.0,27.7015625,3675.0,1.0,1.0,1.0,0.0,0.0
Gravity,19,20354998,0.18,1500,8,8,1.0,27.696875,3575.0,1.0,1.0,1.0,0.0,0.0
Wheel,0,20334264,0.02,1500,5,120,0.0416666666666666,6.2609375,4850.0,0.25,0.6339285714285714,1.75,0.7745966692414833,0.1933333333333333
Wheel,0,20272278,0.04,1500,21,120,0.175,9.48125,4200.0,0.25,0.6339285714285714,1.75,0.7745966692414833,0.1933333333333333
Wheel,0,20351181,0.06,1500,38,120,0.3166666666666666,12.834375,4100.0,0.25,0.6339285714285714,1.75,0.7745966692414833,0.1933333333333333
Wheel,0,20324902,0.08,1500,41,120,0.3416666666666667,12.6375,4100.0,0.25,0.6339285714285714,1.75,0.7745966692414833,0.1933333333333333
Wheel,0,20305663,0.12,1500,85,120,0.7083333333333334,27.4921875,3725.0,0.25,0.6339285714285714,1.75,0.7745966692414833,0.1933333333333333
Wheel,0,20288277,0.18,1500,99,120,0.825,27.582812500000003,3750.0,0.25,0.6339285714285714,1.75,0.7745966692414833,0.1933333333333333
Lattice,0,20320574,0.02,1500,6,120,0.05,6.7390625,4675.0,0.2666666666666666,0.0,2.1333333333333333,0.0,0.25
Lattice,0,20299069,0.04,1500,20,120,0.1666666666666666,12.340625,4200.0,0.2666666666666666,0.0,2.1333333333333333,0.0,0.25
Lattice,0,20285489,0.06,1500,51,120,0.425,17.528125000000003,3975.0,0.2666666666666666,0.0,2.1333333333333333,0.0,0.25
Lattice,0,20320312,0.08,1500,78,120,0.65,21.723437500000003,3875.0,0.2666666666666666,0.0,2.1333333333333333,0.0,0.25
Lattice,0,20368121,0.12,1500,100,120,0.8333333333333334,27.535937500000003,3650.0,0.2666666666666666,0.0,2.1333333333333333,0.0,0.25
Lattice,0,20318152,0.18,1500,100,120,0.8333333333333334,27.606250000000003,3675.0,0.2666666666666666,0.0,2.1333333333333333,0.0,0.25
Modular bridges,0,20287549,0.02,1500,0,8,0.0,4.5203125,,0.1583333333333333,0.4166666666666667,3.1,0.443481567009282,0.5886426592797783
Modular bridges,1,20287550,0.02,1500,0,8,0.0,4.793749999999999,5475.0,0.1583333333333333,0.4645833333333333,3.2333333333333334,0.4909146870046745,0.5914127423822715
Modular bridges,2,20287551,0.02,1500,0,8,0.0,4.896875,,0.1583333333333333,0.3645833333333333,3.308333333333333,0.4177502070101985,0.577562326869806
Modular bridges,3,20287552,0.02,1500,0,8,0.0,4.759375,9025.0,0.175,0.3854166666666667,3.2583333333333333,0.2651316363252391,0.5544217687074829
Modular bridges,4,20287553,0.02,1500,0,8,0.0,5.1015625,6575.0,0.1666666666666666,0.34375,3.2583333333333333,0.3464101615137754,0.5375
Modular bridges,5,20287554,0.02,1500,0,8,0.0,5.2015625,4400.0,0.15,0.2666666666666666,2.975,0.5328701692569688,0.5216049382716049
Modular bridges,6,20287555,0.02,1500,0,8,0.0,4.95625,8725.0,0.1666666666666666,0.3770833333333333,3.1333333333333333,0.4242640687119284,0.50125
Modular bridges,7,20287556,0.02,1500,0,8,0.0,5.334375,6425.0,0.1916666666666666,0.6,3.1083333333333334,0.3864432355354604,0.5604914933837428
Modular bridges,8,20287557,0.02,1500,0,8,0.0,4.93125,9775.0,0.1666666666666666,0.3666666666666666,3.225,0.447213595499958,0.52875
Modular bridges,9,20287558,0.02,1500,0,8,0.0,5.578125,5550.0,0.1916666666666666,0.28125,2.8583333333333334,0.3224434124824201,0.4763705103969753
Modular bridges,10,20287559,0.02,1500,0,8,0.0,7.2515625,5075.0,0.1666666666666666,0.4145833333333333,3.15,0.5099019513592784,0.5175000000000001
Modular bridges,11,20287560,0.02,1500,0,8,0.0,4.645312499999999,10325.0,0.1583333333333333,0.40625,3.333333333333333,0.4677997061745046,0.5803324099722992
Modular bridges,12,20287561,0.02,1500,0,8,0.0,6.3921875,6012.5,0.175,0.4458333333333333,3.425,0.3779644730092272,0.5873015873015872
Modular bridges,13,20287562,0.02,1500,0,8,0.0,5.301562499999999,8662.5,0.1583333333333333,0.3645833333333333,3.5083333333333333,0.443481567009282,0.5664819944598337
Modular bridges,14,20287563,0.02,1500,0,8,0.0,6.8765625,5550.0,0.1666666666666666,0.3,3.433333333333333,0.447213595499958,0.5575
Modular bridges,15,20287564,0.02,1500,0,8,0.0,4.621875,4225.0,0.1416666666666666,0.09375,3.633333333333333,0.3673528234351999,0.5692041522491349
Modular bridges,16,20287565,0.02,1500,0,8,0.0,5.415625,8375.0,0.1416666666666666,0.1041666666666666,3.566666666666667,0.4668972901878689,0.5051903114186851
Modular bridges,17,20287566,0.02,1500,0,8,0.0,5.0,8450.0,0.15,0.3020833333333333,3.7666666666666666,0.4006168083848876,0.5540123456790124
Modular bridges,18,20287567,0.02,1500,0,8,0.0,4.8125,4475.0,0.15,0.3125,3.95,0.3685138655950444,0.5756172839506173
Modular bridges,19,20287568,0.02,1500,0,8,0.0,7.1359375,6562.5,0.1833333333333333,0.5145833333333333,3.158333333333333,0.4359846839375199,0.5547520661157025
Modular bridges,0,20292341,0.04,1500,0,8,0.0,5.8640625,4500.0,0.1416666666666666,0.1666666666666666,4.2,0.3673528234351999,0.5501730103806228
Modular bridges,1,20292342,0.04,1500,0,8,0.0,8.967187500000001,4537.5,0.175,0.6083333333333333,3.083333333333333,0.4012452272941123,0.6020408163265305
Modular bridges,2,20292343,0.04,1500,0,8,0.0,8.196875,3950.0,0.1916666666666666,0.3041666666666666,2.725,0.3864432355354604,0.4810964083175802
Modular bridges,3,20292344,0.04,1500,0,8,0.0,5.4140625,4350.0,0.175,0.5,3.6166666666666663,0.3264597428762402,0.6020408163265305
Modular bridges,4,20292345,0.04,1500,0,8,0.0,6.43125,5137.5,0.1666666666666666,0.21875,3.816666666666667,0.3162277660168379,0.56625
Modular bridges,5,20292346,0.04,1500,0,8,0.0,6.18125,4600.0,0.1666666666666666,0.1041666666666666,4.033333333333333,0.282842712474619,0.5387500000000001
Modular bridges,6,20292347,0.04,1500,0,8,0.0,7.2171875,6650.0,0.1833333333333333,0.3854166666666667,3.1,0.37482778414706,0.5423553719008264
Modular bridges,7,20292348,0.04,1500,0,8,0.0,5.2296875,6475.0,0.1416666666666666,0.1875,3.333333333333333,0.4668972901878689,0.555363321799308
Modular bridges,8,20292349,0.04,1500,1,8,0.125,7.415625,5325.0,0.1833333333333333,0.3958333333333333,2.975,0.3520893951097651,0.5134297520661157
Modular bridges,9,20292350,0.04,1500,1,8,0.125,8.0375,4975.0,0.1833333333333333,0.5125,3.075,0.3015113445777636,0.6126033057851239
Modular bridges,10,20292351,0.04,1500,0,8,0.0,8.1828125,4525.0,0.1666666666666666,0.3229166666666667,3.2,0.4242640687119284,0.52625
Modular bridges,11,20292352,0.04,1500,0,8,0.0,5.7796875,6412.5,0.1583333333333333,0.3645833333333333,3.5,0.4177502070101985,0.5858725761772853
Modular bridges,12,20292353,0.04,1500,0,8,0.0,5.856249999999999,4575.0,0.125,0.0,3.983333333333333,0.5291502622129182,0.548888888888889
Modular bridges,13,20292354,0.04,1500,0,8,0.0,5.40625,10275.0,0.1666666666666666,0.4375,4.066666666666666,0.3162277660168379,0.59125
Modular bridges,14,20292355,0.04,1500,0,8,0.0,6.3453125,4750.0,0.1666666666666666,0.1416666666666666,2.8666666666666667,0.469041575982343,0.42375
Modular bridges,15,20292356,0.04,1500,0,8,0.0,7.6796875,5775.0,0.2,0.5229166666666667,2.8833333333333333,0.3118047822311617,0.5355902777777778
Modular bridges,16,20292357,0.04,1500,1,8,0.125,6.821875,4612.5,0.1666666666666666,0.5520833333333334,3.591666666666667,0.282842712474619,0.59375
Modular bridges,17,20292358,0.04,1500,0,8,0.0,5.41875,4675.0,0.1666666666666666,0.5,3.691666666666667,0.3464101615137754,0.5962500000000001
Modular bridges,18,20292359,0.04,1500,0,8,0.0,6.3265625,4537.5,0.1583333333333333,0.3854166666666667,3.941666666666667,0.3903262361629296,0.5858725761772853
Modular bridges,19,20292360,0.04,1500,0,8,0.0,6.1328125,4550.0,0.15,0.28125,3.15,0.4843221048378526,0.5216049382716049
Modular bridges,0,20339298,0.06,1500,2,8,0.25,8.5671875,4525.0,0.1666666666666666,0.5104166666666666,3.9916666666666663,0.282842712474619,0.58875
Modular bridges,1,20339299,0.06,1500,0,8,0.0,4.875,4350.0,0.1583333333333333,0.3416666666666667,3.608333333333333,0.4677997061745046,0.5637119113573407
Modular bridges,2,20339300,0.06,1500,0,8,0.0,10.4203125,4187.5,0.1916666666666666,0.6354166666666666,3.2333333333333334,0.2980719391478715,0.6153119092627599
Modular bridges,3,20339301,0.06,1500,1,8,0.125,7.446875,4425.0,0.1333333333333333,0.09375,3.85,0.4330127018922193,0.521484375
Modular bridges,4,20339302,0.06,1500,2,8,0.25,9.2546875,4375.0,0.175,0.5208333333333334,3.6166666666666663,0.3264597428762402,0.6043083900226757
Modular bridges,5,20339303,0.06,1500,0,8,0.0,9.0140625,4512.5,0.1666666666666666,0.1374999999999999,3.066666666666667,0.447213595499958,0.4337499999999999
Modular bridges,6,20339304,0.06,1500,0,8,0.0,6.46875,5350.0,0.1833333333333333,0.4916666666666666,3.1,0.3962635403218794,0.5898760330578512
Modular bridges,7,20339305,0.06,1500,0,8,0.0,7.8921875,4550.0,0.1583333333333333,0.3666666666666666,3.7083333333333335,0.443481567009282,0.577562326869806
Modular bridges,8,20339306,0.06,1500,0,8,0.0,8.1578125,4750.0,0.1916666666666666,0.5520833333333334,3.441666666666667,0.3224434124824201,0.6058601134215501
Modular bridges,9,20339307,0.06,1500,0,8,0.0,7.3515625,5800.0,0.1666666666666666,0.4604166666666666,3.3,0.447213595499958,0.54625
Modular bridges,10,20339308,0.06,1500,0,8,0.0,7.5703125,4287.5,0.1666666666666666,0.3854166666666667,4.025,0.3741657386773941,0.57125
Modular bridges,11,20339309,0.06,1500,0,8,0.0,5.7265625,4000.0,0.1416666666666666,0.1041666666666666,4.391666666666667,0.3275155507547072,0.5069204152249135
Modular bridges,12,20339310,0.06,1500,1,8,0.125,9.328125,4125.0,0.1583333333333333,0.3625,2.8833333333333333,0.5341521876364326,0.5734072022160664
Modular bridges,13,20339311,0.06,1500,1,8,0.125,10.003125,5225.0,0.175,0.5041666666666667,2.9916666666666667,0.4441609072899436,0.5929705215419501
Modular bridges,14,20339312,0.06,1500,3,8,0.375,14.83125,3750.0,0.175,0.5520833333333334,3.9166666666666665,0.2973808570665904,0.5952380952380952
Modular bridges,15,20339313,0.06,1500,0,8,0.0,7.34375,6775.0,0.1416666666666666,0.2333333333333333,3.2,0.573340843812292,0.5640138408304498
Modular bridges,16,20339314,0.06,1500,1,8,0.125,10.3078125,4400.0,0.1583333333333333,0.3229166666666667,3.183333333333333,0.4177502070101985,0.5789473684210527
Modular bridges,17,20339315,0.06,1500,2,8,0.25,7.5328125,4200.0,0.1583333333333333,0.21875,3.583333333333333,0.360823926336897,0.5803324099722992
Modular bridges,18,20339316,0.06,1500,0,8,0.0,8.1953125,4237.5,0.1416666666666666,0.0,4.033333333333333,0.3275155507547072,0.5103806228373702
Modular bridges,19,20339317,0.06,1500,0,8,0.0,6.7375,4250.0,0.1333333333333333,0.1354166666666666,4.2,0.4330127018922193,0.556640625
Modular bridges,0,20364831,0.08,1500,3,8,0.375,17.875,3825.0,0.1916666666666666,0.64375,3.1666666666666665,0.3224434124824201,0.6134215500945179
Modular bridges,1,20364832,0.08,1500,1,8,0.125,6.9703125,4687.5,0.1583333333333333,0.2604166666666667,3.5083333333333333,0.360823926336897,0.5263157894736842
Modular bridges,2,20364833,0.08,1500,5,8,0.625,21.0765625,3912.5,0.1916666666666666,0.3208333333333333,3.0416666666666665,0.3450979970953814,0.5236294896030245
Modular bridges,3,20364834,0.08,1500,3,8,0.375,16.2046875,3887.5,0.175,0.2458333333333333,3.0416666666666665,0.4441609072899436,0.5011337868480725
Modular bridges,4,20364835,0.08,1500,3,8,0.375,16.4328125,3775.0,0.1916666666666666,0.53125,3.2333333333333334,0.2715216521042782,0.6134215500945179
Modular bridges,5,20364836,0.08,1500,0,8,0.0,7.2421875,4375.0,0.15,0.2416666666666666,3.7916666666666665,0.4303314829119352,0.5694444444444444
Modular bridges,6,20364837,0.08,1500,2,8,0.25,13.4046875,4175.0,0.1833333333333333,0.28125,3.0166666666666666,0.37482778414706,0.5
Modular bridges,7,20364838,0.08,1500,3,8,0.375,11.078125,4150.0,0.1916666666666666,0.48125,2.9166666666666665,0.3224434124824201,0.5661625708884688
Modular bridges,8,20364839,0.08,1500,3,8,0.375,13.7125,3900.0,0.2083333333333333,0.68125,2.7916666666666665,0.2966479394838265,0.5880000000000001
Modular bridges,9,20364840,0.08,1500,3,8,0.375,10.8984375,4025.0,0.1416666666666666,0.2083333333333333,3.2666666666666666,0.4362469698291566,0.5709342560553632
Modular bridges,10,20364841,0.08,1500,1,8,0.125,10.8203125,4062.5,0.15,0.28125,3.875,0.4006168083848876,0.5601851851851852
Modular bridges,11,20364842,0.08,1500,1,8,0.125,14.425,4087.5,0.1416666666666666,0.2395833333333333,3.733333333333333,0.4032738000235908,0.5657439446366782
Modular bridges,12,20364843,0.08,1500,1,8,0.125,12.0515625,4462.5,0.1666666666666666,0.3333333333333333,3.466666666666667,0.3741657386773941,0.58375
Modular bridges,13,20364844,0.08,1500,1,8,0.125,7.446875,3925.0,0.1666666666666666,0.3333333333333333,3.025,0.4242640687119284,0.54375
Modular bridges,14,20364845,0.08,1500,3,8,0.375,17.371875,3900.0,0.1666666666666666,0.3458333333333333,2.908333333333333,0.4898979485566356,0.5337500000000001
Modular bridges,15,20364846,0.08,1500,0,8,0.0,12.475,4100.0,0.175,0.3854166666666667,3.083333333333333,0.4012452272941123,0.5453514739229025
Modular bridges,16,20364847,0.08,1500,2,8,0.25,10.215625,4425.0,0.2083333333333333,0.5,2.841666666666667,0.3555277766926235,0.5032000000000001
Modular bridges,17,20364848,0.08,1500,2,8,0.25,10.6421875,4250.0,0.1833333333333333,0.5104166666666666,3.075,0.2727272727272727,0.6126033057851239
Modular bridges,18,20364849,0.08,1500,2,8,0.25,13.26875,3950.0,0.175,0.3958333333333333,3.158333333333333,0.4441609072899436,0.4999999999999999
Modular bridges,19,20364850,0.08,1500,3,8,0.375,12.715625,3900.0,0.1583333333333333,0.0625,3.2416666666666667,0.3903262361629296,0.5193905817174514
Modular bridges,0,20319872,0.12,1500,2,8,0.25,15.0609375,4087.5,0.175,0.2604166666666667,2.9916666666666667,0.3531523089093172,0.5544217687074829
Modular bridges,1,20319873,0.12,1500,4,8,0.5,17.515625,4087.5,0.1666666666666666,0.3145833333333333,3.1,0.447213595499958,0.54125
Modular bridges,2,20319874,0.12,1500,3,8,0.375,17.2359375,3787.5,0.15,0.2916666666666667,4.083333333333333,0.3685138655950444,0.5570987654320988
Modular bridges,3,20319875,0.12,1500,4,8,0.5,18.86875,3937.5,0.1833333333333333,0.2541666666666666,3.4,0.4895604370122276,0.402892561983471
Modular bridges,4,20319876,0.12,1500,4,8,0.5,17.2625,3975.0,0.2,0.7,3.225,0.2635231383473649,0.6223958333333334
Modular bridges,5,20319877,0.12,1500,3,8,0.375,14.86875,4050.0,0.1666666666666666,0.5104166666666666,3.191666666666667,0.4242640687119284,0.59875
Modular bridges,6,20319878,0.12,1500,3,8,0.375,15.965625,3850.0,0.1583333333333333,0.2604166666666667,3.6,0.360823926336897,0.5263157894736842
Modular bridges,7,20319879,0.12,1500,4,8,0.5,16.1734375,3900.0,0.1583333333333333,0.3416666666666667,3.2416666666666667,0.512989176042577,0.5692520775623269
Modular bridges,8,20319880,0.12,1500,3,8,0.375,12.4078125,3875.0,0.1416666666666666,0.1354166666666666,3.625,0.4668972901878689,0.5692041522491349
Modular bridges,9,20319881,0.12,1500,3,8,0.375,14.9,3875.0,0.175,0.5416666666666666,3.183333333333333,0.3531523089093172,0.600907029478458
Modular bridges,10,20319882,0.12,1500,3,8,0.375,15.2484375,4450.0,0.15,0.2604166666666667,3.316666666666667,0.4581228472908512,0.5632716049382716
Modular bridges,11,20319883,0.12,1500,5,8,0.625,20.6140625,3550.0,0.175,0.5520833333333334,3.583333333333333,0.3531523089093172,0.6020408163265306
Modular bridges,12,20319884,0.12,1500,4,8,0.5,20.2625,4125.0,0.175,0.5083333333333333,3.2416666666666667,0.4012452272941123,0.5725623582766439
Modular bridges,13,20319885,0.12,1500,1,8,0.125,11.4265625,4137.5,0.1416666666666666,0.15625,4.166666666666667,0.4362469698291566,0.5484429065743945
Modular bridges,14,20319886,0.12,1500,6,8,0.75,25.4140625,3750.0,0.1583333333333333,0.3229166666666667,3.691666666666667,0.4177502070101985,0.538781163434903
Modular bridges,15,20319887,0.12,1500,4,8,0.5,16.54375,3975.0,0.1416666666666666,0.28125,4.5,0.3673528234351999,0.5553633217993079
Modular bridges,16,20319888,0.12,1500,4,8,0.5,18.484375,3912.5,0.1583333333333333,0.4375,3.808333333333333,0.360823926336897,0.5858725761772853
Modular bridges,17,20319889,0.12,1500,5,8,0.625,22.63125,4050.0,0.175,0.3729166666666667,2.833333333333333,0.464133064038522,0.5408163265306122
Modular bridges,18,20319890,0.12,1500,3,8,0.375,13.775,4025.0,0.1416666666666666,0.2916666666666667,3.4833333333333334,0.3673528234351999,0.5605536332179931
Modular bridges,19,20319891,0.12,1500,2,8,0.25,12.7453125,4250.0,0.1333333333333333,0.1041666666666666,4.333333333333333,0.3952847075210474,0.552734375
Modular bridges,0,20366403,0.18,1500,4,8,0.5,16.3328125,3750.0,0.15,0.2291666666666666,4.091666666666667,0.3685138655950444,0.5725308641975309
Modular bridges,1,20366404,0.18,1500,5,8,0.625,24.668750000000003,3700.0,0.1916666666666666,0.6,3.075,0.3663543379641895,0.6039697542533081
Modular bridges,2,20366405,0.18,1500,6,8,0.75,24.4125,3650.0,0.1833333333333333,0.4875,3.175,0.3520893951097651,0.6043388429752066
Modular bridges,3,20366406,0.18,1500,5,8,0.625,25.4640625,4012.5,0.1666666666666666,0.5604166666666667,2.958333333333333,0.469041575982343,0.5925
Modular bridges,4,20366407,0.18,1500,2,8,0.25,15.5609375,4212.5,0.1833333333333333,0.4625,3.2333333333333334,0.4359846839375199,0.5402892561983471
Modular bridges,5,20366408,0.18,1500,4,8,0.5,19.234375,4062.5,0.15,0.2916666666666667,3.216666666666667,0.4843221048378526,0.5725308641975309
Modular bridges,6,20366409,0.18,1500,6,8,0.75,24.890625,3725.0,0.175,0.5083333333333333,3.325,0.3779644730092272,0.5952380952380952
Modular bridges,7,20366410,0.18,1500,7,8,0.875,25.190625,3725.0,0.175,0.2979166666666666,3.125,0.4012452272941123,0.5056689342403627
Modular bridges,8,20366411,0.18,1500,4,8,0.5,17.6203125,3900.0,0.15,0.1875,3.3916666666666666,0.3685138655950444,0.5771604938271605
Modular bridges,9,20366412,0.18,1500,4,8,0.5,16.8,4087.5,0.1583333333333333,0.3229166666666667,2.9833333333333334,0.443481567009282,0.5249307479224377
Modular bridges,10,20366413,0.18,1500,5,8,0.625,23.240625,3862.5,0.175,0.4125,3.433333333333333,0.3779644730092272,0.5521541950113378
Modular bridges,11,20366414,0.18,1500,4,8,0.5,18.684375,4075.0,0.1416666666666666,0.1979166666666666,3.558333333333333,0.4668972901878689,0.5501730103806228
Modular bridges,12,20366415,0.18,1500,6,8,0.75,24.8609375,3950.0,0.1666666666666666,0.4166666666666666,3.4,0.3741657386773941,0.59375
Modular bridges,13,20366416,0.18,1500,6,8,0.75,27.5109375,3600.0,0.1666666666666666,0.1999999999999999,3.1416666666666666,0.3741657386773941,0.51625
Modular bridges,14,20366417,0.18,1500,6,8,0.75,24.7484375,3787.5,0.2083333333333333,0.6041666666666666,2.975,0.1918332609325087,0.5880000000000001
Modular bridges,15,20366418,0.18,1500,5,8,0.625,20.4375,3625.0,0.1833333333333333,0.4041666666666667,3.7416666666666663,0.3277773886785444,0.5506198347107438
Modular bridges,16,20366419,0.18,1500,4,8,0.5,19.50625,4087.5,0.1583333333333333,0.4166666666666667,3.5,0.3903262361629296,0.5900277008310248
Modular bridges,17,20366420,0.18,1500,4,8,0.5,17.7359375,3887.5,0.1666666666666666,0.40625,3.433333333333333,0.282842712474619,0.53375
Modular bridges,18,20366421,0.18,1500,5,8,0.625,24.84375,3775.0,0.1666666666666666,0.4479166666666666,3.7,0.3162277660168379,0.58875
Modular bridges,19,20366422,0.18,1500,4,8,0.5,17.0296875,3925.0,0.175,0.3354166666666666,3.3583333333333334,0.4012452272941123,0.502267573696145
Ring,0,20349314,0.02,1500,0,120,0.0,5.448437500000001,5625.0,0.1333333333333333,0.0,4.266666666666667,0.0,0.5
Ring,0,20293489,0.04,1500,3,120,0.025,6.571875,4475.0,0.1333333333333333,0.0,4.266666666666667,0.0,0.5
Ring,0,20313613,0.06,1500,8,120,0.0666666666666666,9.54375,4225.0,0.1333333333333333,0.0,4.266666666666667,0.0,0.5
Ring,0,20296352,0.08,1500,17,120,0.1416666666666666,11.4046875,4175.0,0.1333333333333333,0.0,4.266666666666667,0.0,0.5
Ring,0,20275258,0.12,1500,60,120,0.5,18.640625,3875.0,0.1333333333333333,0.0,4.266666666666667,0.0,0.5
Ring,0,20330899,0.18,1500,83,120,0.6916666666666667,24.637500000000003,3775.0,0.1333333333333333,0.0,4.266666666666667,0.0,0.5
Scale-free,0,20360861,0.02,1500,0,8,0.0,7.3609375,6775.0,0.2333333333333333,0.3257440476190476,2.05,0.5345224838248488,0.2474489795918368
Scale-free,1,20360862,0.02,1500,0,8,0.0,6.1203125,4962.5,0.2333333333333333,0.3386904761904762,2.066666666666667,0.4948716593053935,0.3258928571428572
Scale-free,2,20360863,0.02,1500,0,8,0.0,4.8734375,4300.0,0.2333333333333333,0.3222222222222222,2.033333333333333,0.5802884574739972,0.2646683673469388
Scale-free,3,20360864,0.02,1500,1,8,0.125,6.8031250000000005,5225.0,0.2333333333333333,0.2957837301587301,1.9583333333333333,0.7142857142857143,0.2117346938775511
Scale-free,4,20360865,0.02,1500,0,8,0.0,4.9015625,10200.0,0.2333333333333333,0.26875,2.05,0.5345224838248488,0.2232142857142857
Scale-free,5,20360866,0.02,1500,0,8,0.0,6.29375,5587.5,0.2333333333333333,0.2296130952380952,2.1166666666666667,0.4844521416518049,0.2863520408163265
Scale-free,6,20360867,0.02,1500,0,8,0.0,5.145312499999999,7600.0,0.2333333333333333,0.2961309523809524,2.1333333333333333,0.5150787536377127,0.305484693877551
Scale-free,7,20360868,0.02,1500,1,8,0.125,11.1203125,4650.0,0.2333333333333333,0.3372023809523809,2.083333333333333,0.5050762722761054,0.3003826530612244
Scale-free,8,20360869,0.02,1500,0,8,0.0,7.428125,6037.5,0.2333333333333333,0.1818452380952381,2.075,0.4403152859263554,0.2697704081632653
Scale-free,9,20360870,0.02,1500,0,8,0.0,10.1703125,4212.5,0.2333333333333333,0.4449404761904761,2.05,0.6060915267313264,0.3093112244897959
Scale-free,10,20360871,0.02,1500,0,8,0.0,7.050000000000001,6225.0,0.2333333333333333,0.505762987012987,1.9583333333333333,0.7213932098830055,0.228954081632653
Scale-free,11,20360872,0.02,1500,0,8,0.0,6.2125,4050.0,0.2333333333333333,0.3422619047619047,2.1166666666666667,0.4738035414793428,0.3156887755102041
Scale-free,12,20360873,0.02,1500,0,8,0.0,6.7875,5062.5,0.2333333333333333,0.3166666666666666,2.1083333333333334,0.5248906591678238,0.3035714285714286
Scale-free,13,20360874,0.02,1500,0,8,0.0,5.665625,8875.0,0.2333333333333333,0.4274305555555555,2.1,0.4738035414793428,0.34375
Scale-free,14,20360875,0.02,1500,0,8,0.0,5.10625,6075.0,0.2333333333333333,0.2964285714285714,2.0083333333333333,0.5714285714285714,0.2315051020408163
Scale-free,15,20360876,0.02,1500,1,8,0.125,5.5328125,4525.0,0.2333333333333333,0.664320054945055,1.8833333333333333,0.8806305718527109,0.25
Scale-free,16,20360877,0.02,1500,0,8,0.0,5.696875,4475.0,0.2333333333333333,0.4125,2.025,0.5976143046671968,0.2621173469387755
Scale-free,17,20360878,0.02,1500,1,8,0.125,7.106249999999999,4500.0,0.2333333333333333,0.2184523809523809,2.058333333333333,0.5439837932759934,0.2417091836734693
Scale-free,18,20360879,0.02,1500,0,8,0.0,5.6375,7950.0,0.2333333333333333,0.4215277777777778,2.033333333333333,0.614451804788759,0.2551020408163265
Scale-free,19,20360880,0.02,1500,0,8,0.0,11.9421875,5350.0,0.2333333333333333,0.2163690476190476,2.1,0.4040610178208843,0.3131377551020408
Scale-free,0,20361552,0.04,1500,0,8,0.0,5.1859375,4500.0,0.2333333333333333,0.421590909090909,2.0083333333333333,0.6388765649999399,0.336734693877551
Scale-free,1,20361553,0.04,1500,1,8,0.125,9.796875,5000.0,0.2333333333333333,0.4448412698412698,1.9666666666666663,0.6308400618805605,0.2557397959183674
Scale-free,2,20361554,0.04,1500,3,8,0.375,16.640625,3925.0,0.2333333333333333,0.5822916666666667,1.9333333333333331,0.6851187890446742,0.2468112244897959
Scale-free,3,20361555,0.04,1500,0,8,0.0,6.190625000000001,4700.0,0.2333333333333333,0.2541666666666666,2.1,0.5150787536377127,0.2557397959183673
Scale-free,4,20361556,0.04,1500,0,8,0.0,8.140625,4437.5,0.2333333333333333,0.4714285714285714,2.0416666666666665,0.5624291338579865,0.3220663265306123
Scale-free,5,20361557,0.04,1500,0,8,0.0,8.31875,4525.0,0.2333333333333333,0.4131944444444444,2.0083333333333333,0.5890150893739515,0.2914540816326531
Scale-free,6,20361558,0.04,1500,2,8,0.25,6.5421875,4625.0,0.2333333333333333,0.2624007936507936,1.9583333333333333,0.6308400618805605,0.2225765306122449
Scale-free,7,20361559,0.04,1500,0,8,0.0,7.08125,4087.5,0.2333333333333333,0.2347222222222222,2.033333333333333,0.614451804788759,0.21875
Scale-free,8,20361560,0.04,1500,1,8,0.125,5.9890625,4325.0,0.2333333333333333,0.3760416666666666,2.058333333333333,0.5248906591678238,0.288265306122449
Scale-free,9,20361561,0.04,1500,2,8,0.25,12.209375,4000.0,0.2333333333333333,0.175595238095238,2.1,0.4403152859263554,0.3042091836734694
Scale-free,10,20361562,0.04,1500,0,8,0.0,9.6546875,5025.0,0.2333333333333333,0.388640873015873,1.9833333333333332,0.6925256939166184,0.2391581632653061
Scale-free,11,20361563,0.04,1500,2,8,0.25,7.8546875,5912.5,0.2333333333333333,0.1194444444444444,1.95,0.6060915267313264,0.2149234693877551
Scale-free,12,20361564,0.04,1500,0,8,0.0,5.23125,4425.0,0.2333333333333333,0.2464285714285714,2.075,0.4517539514526256,0.2818877551020408
Scale-free,13,20361565,0.04,1500,3,8,0.375,10.9109375,4375.0,0.2333333333333333,0.2632440476190476,1.9833333333333332,0.5976143046671968,0.2480867346938775
Scale-free,14,20361566,0.04,1500,0,8,0.0,10.409375,4850.0,0.2333333333333333,0.4425595238095238,2.1,0.4844521416518049,0.3386479591836734
Scale-free,15,20361567,0.04,1500,0,8,0.0,9.6125,4300.0,0.2333333333333333,0.4175595238095238,2.058333333333333,0.5714285714285714,0.2831632653061224
Scale-free,16,20361568,0.04,1500,0,8,0.0,8.021875,4375.0,0.2333333333333333,0.3527777777777778,2.1083333333333334,0.5532833351724882,0.2774234693877551
Scale-free,17,20361569,0.04,1500,1,8,0.125,12.5109375,4325.0,0.2333333333333333,0.2197916666666666,2.0,0.5714285714285714,0.2710459183673469
Scale-free,18,20361570,0.04,1500,1,8,0.125,7.292187500000001,4500.0,0.2333333333333333,0.1523809523809523,2.025,0.4844521416518049,0.2525510204081633
Scale-free,19,20361571,0.04,1500,0,8,0.0,12.8984375,4125.0,0.2333333333333333,0.3169642857142857,2.25,0.4517539514526256,0.3463010204081633
Scale-free,0,20278489,0.06,1500,0,8,0.0,6.551562499999999,4225.0,0.2333333333333333,0.4797619047619048,1.9833333333333332,0.6060915267313264,0.2735969387755102
Scale-free,1,20278490,0.06,1500,0,8,0.0,9.1296875,4300.0,0.2333333333333333,0.415625,2.1083333333333334,0.67005939426049,0.298469387755102
Scale-free,2,20278491,0.06,1500,2,8,0.25,15.46875,3925.0,0.2333333333333333,0.2194940476190476,2.075,0.4844521416518049,0.2595663265306122
Scale-free,3,20278492,0.06,1500,2,8,0.25,12.265625,4300.0,0.2333333333333333,0.3854166666666667,2.058333333333333,0.5802884574739972,0.3093112244897959
Scale-free,4,20278493,0.06,1500,1,8,0.125,14.2078125,4112.5,0.2333333333333333,0.2428571428571428,2.1166666666666667,0.5345224838248488,0.3654336734693877
Scale-free,5,20278494,0.06,1500,4,8,0.5,16.90625,3962.5,0.2333333333333333,0.2806547619047619,2.091666666666667,0.4629100498862757,0.3156887755102041
Scale-free,6,20278495,0.06,1500,2,8,0.25,11.9,4212.5,0.2333333333333333,0.4240079365079365,2.0083333333333333,0.6468132241526726,0.2289540816326531
Scale-free,7,20278496,0.06,1500,4,8,0.5,20.2109375,3987.5,0.2333333333333333,0.4307539682539683,2.033333333333333,0.6468132241526726,0.2372448979591837
Scale-free,8,20278497,0.06,1500,2,8,0.25,16.3609375,4225.0,0.2333333333333333,0.2919642857142857,2.066666666666667,0.4738035414793428,0.2933673469387755
Scale-free,9,20278498,0.06,1500,2,8,0.25,12.29375,4162.5,0.2333333333333333,0.3163690476190476,2.0,0.614451804788759,0.2519132653061224
Scale-free,10,20278499,0.06,1500,2,8,0.25,12.1265625,4075.0,0.2333333333333333,0.1504464285714285,2.1083333333333334,0.4844521416518049,0.2876275510204081
Scale-free,11,20278500,0.06,1500,3,8,0.375,17.0875,4025.0,0.2333333333333333,0.3369047619047619,2.15,0.4403152859263554,0.3360969387755102
Scale-free,12,20278501,0.06,1500,3,8,0.375,12.653125,4350.0,0.2333333333333333,0.4823863636363636,1.9416666666666669,0.7213932098830055,0.2468112244897959
Scale-free,13,20278502,0.06,1500,1,8,0.125,10.2984375,4325.0,0.2333333333333333,0.1514880952380952,2.083333333333333,0.4629100498862757,0.2544642857142857
Scale-free,14,20278503,0.06,1500,1,8,0.125,9.1453125,4300.0,0.2333333333333333,0.3936011904761904,2.0,0.6060915267313264,0.2455357142857143
Scale-free,15,20278504,0.06,1500,3,8,0.375,10.2078125,3687.5,0.2333333333333333,0.3081439393939393,2.0416666666666665,0.6226998490772392,0.2353316326530612
Scale-free,16,20278505,0.06,1500,1,8,0.125,8.2109375,4537.5,0.2333333333333333,0.4118055555555555,1.9583333333333333,0.6060915267313264,0.2691326530612245
Scale-free,17,20278506,0.06,1500,1,8,0.125,7.08125,4525.0,0.2333333333333333,0.5153409090909091,1.95,0.6468132241526726,0.2576530612244898
Scale-free,18,20278507,0.06,1500,1,8,0.125,10.8265625,4300.0,0.2333333333333333,0.517147435897436,1.9083333333333332,0.7953949089757174,0.2110969387755102
Scale-free,19,20278508,0.06,1500,1,8,0.125,8.2375,4462.5,0.2333333333333333,0.3331439393939394,1.9916666666666667,0.6776309271789385,0.2219387755102041
Scale-free,0,20320051,0.08,1500,1,8,0.125,6.671875,4200.0,0.2333333333333333,0.4149305555555555,1.975,0.7213932098830055,0.2079081632653061
Scale-free,1,20320052,0.08,1500,2,8,0.25,14.7578125,4212.5,0.2333333333333333,0.2285714285714285,2.033333333333333,0.4629100498862757,0.28125
Scale-free,2,20320053,0.08,1500,5,8,0.625,22.0765625,3912.5,0.2333333333333333,0.5520833333333334,2.025,0.5714285714285714,0.2901785714285715
Scale-free,3,20320054,0.08,1500,5,8,0.625,23.348437500000003,3900.0,0.2333333333333333,0.4779761904761904,2.1,0.5345224838248488,0.3552295918367347
Scale-free,4,20320055,0.08,1500,2,8,0.25,9.3984375,4050.0,0.2333333333333333,0.4067460317460317,1.9833333333333332,0.662401321106836,0.2786989795918367
Scale-free,5,20320056,0.08,1500,3,8,0.375,18.1109375,3887.5,0.2333333333333333,0.4289186507936507,2.05,0.6060915267313264,0.3067602040816326
Scale-free,6,20320057,0.08,1500,2,8,0.25,11.6859375,4325.0,0.2333333333333333,0.2553571428571428,2.125,0.5248906591678238,0.2901785714285714
Scale-free,7,20320058,0.08,1500,3,8,0.375,15.10625,4287.5,0.2333333333333333,0.5049107142857143,1.9666666666666663,0.67005939426049,0.2551020408163265
Scale-free,8,20320059,0.08,1500,1,8,0.125,12.446875,4200.0,0.2333333333333333,0.5835813492063492,2.066666666666667,0.6226998490772392,0.3392857142857143
Scale-free,9,20320060,0.08,1500,2,8,0.25,15.715625,3912.5,0.2333333333333333,0.3651785714285714,2.066666666666667,0.4629100498862757,0.28125
Scale-free,10,20320061,0.08,1500,7,8,0.875,27.621875,3775.0,0.2333333333333333,0.4791170634920635,2.0416666666666665,0.6308400618805605,0.267219387755102
Scale-free,11,20320062,0.08,1500,4,8,0.5,17.2625,3937.5,0.2333333333333333,0.4509469696969697,2.025,0.67005939426049,0.2786989795918367
Scale-free,12,20320063,0.08,1500,3,8,0.375,14.678125,4375.0,0.2333333333333333,0.5934027777777777,2.0166666666666666,0.7213932098830055,0.274234693877551
Scale-free,13,20320064,0.08,1500,4,8,0.5,17.23125,4087.5,0.2333333333333333,0.5625,1.9,0.7142857142857143,0.2525510204081633
Scale-free,14,20320065,0.08,1500,3,8,0.375,12.49375,4175.0,0.2333333333333333,0.4742063492063492,2.033333333333333,0.662401321106836,0.2786989795918367
Scale-free,15,20320066,0.08,1500,4,8,0.5,18.409375,3875.0,0.2333333333333333,0.3768353174603174,1.9833333333333332,0.5624291338579865,0.2442602040816326
Scale-free,16,20320067,0.08,1500,3,8,0.375,11.9546875,3975.0,0.2333333333333333,0.3246527777777778,2.075,0.5345224838248488,0.2748724489795918
Scale-free,17,20320068,0.08,1500,3,8,0.375,15.9390625,3837.5,0.2333333333333333,0.3488095238095238,2.1083333333333334,0.4948716593053935,0.3029336734693877
Scale-free,18,20320069,0.08,1500,6,8,0.75,22.7328125,3962.5,0.2333333333333333,0.2416666666666666,2.0083333333333333,0.5345224838248488,0.2633928571428571
Scale-free,19,20320070,0.08,1500,1,8,0.125,9.7109375,4312.5,0.2333333333333333,0.5855113636363636,1.9416666666666669,0.769309258162072,0.2200255102040816
Scale-free,0,20337908,0.12,1500,5,8,0.625,22.4859375,4175.0,0.2333333333333333,0.3104166666666667,2.025,0.4403152859263554,0.3182397959183673
Scale-free,1,20337909,0.12,1500,5,8,0.625,27.7265625,3750.0,0.2333333333333333,0.3206845238095238,1.975,0.662401321106836,0.2385204081632653
Scale-free,2,20337910,0.12,1500,4,8,0.5,21.7828125,4075.0,0.2333333333333333,0.3260416666666667,1.9833333333333332,0.5890150893739515,0.2653061224489796
Scale-free,3,20337911,0.12,1500,4,8,0.5,22.165625,3875.0,0.2333333333333333,0.3083333333333333,2.075,0.5345224838248488,0.2646683673469387
Scale-free,4,20337912,0.12,1500,6,8,0.75,27.7125,4000.0,0.2333333333333333,0.5855654761904762,2.1166666666666667,0.5532833351724882,0.3698979591836734
Scale-free,5,20337913,0.12,1500,5,8,0.625,27.33125,3875.0,0.2333333333333333,0.2342261904761904,2.175,0.5150787536377127,0.298469387755102
Scale-free,6,20337914,0.12,1500,5,8,0.625,26.2296875,3775.0,0.2333333333333333,0.403125,1.9833333333333332,0.6998542122237651,0.2110969387755102
Scale-free,7,20337915,0.12,1500,6,8,0.75,27.878125,3737.5,0.2333333333333333,0.3145833333333333,2.0416666666666665,0.5150787536377127,0.2991071428571429
Scale-free,8,20337916,0.12,1500,3,8,0.375,15.5765625,4350.0,0.2333333333333333,0.3657242063492063,2.0166666666666666,0.5532833351724882,0.2901785714285715
Scale-free,9,20337917,0.12,1500,4,8,0.5,20.06875,3675.0,0.2333333333333333,0.3095238095238095,2.025,0.5890150893739515,0.2468112244897959
Scale-free,10,20337918,0.12,1500,6,8,0.75,26.690625,3912.5,0.2333333333333333,0.3135551948051948,2.0083333333333333,0.6776309271789385,0.2225765306122449
Scale-free,11,20337919,0.12,1500,5,8,0.625,21.91875,3950.0,0.2333333333333333,0.3922123015873016,2.0,0.6308400618805605,0.2353316326530612
Scale-free,12,20337920,0.12,1500,4,8,0.5,23.559375,4025.0,0.2333333333333333,0.1423611111111111,2.066666666666667,0.5050762722761054,0.2174744897959183
Scale-free,13,20337921,0.12,1500,5,8,0.625,25.31875,3700.0,0.2333333333333333,0.3368055555555556,2.025,0.6060915267313264,0.2506377551020408
Scale-free,14,20337922,0.12,1500,5,8,0.625,26.2796875,3862.5,0.2333333333333333,0.4711850649350649,1.975,0.67005939426049,0.2621173469387755
Scale-free,15,20337923,0.12,1500,7,8,0.875,20.5125,4175.0,0.2333333333333333,0.2715773809523809,2.05,0.5624291338579865,0.2723214285714285
Scale-free,16,20337924,0.12,1500,6,8,0.75,27.7390625,3700.0,0.2333333333333333,0.5104166666666666,1.9333333333333331,0.7559289460184545,0.2385204081632653
Scale-free,17,20337925,0.12,1500,6,8,0.75,23.5,4050.0,0.2333333333333333,0.2516369047619047,2.05,0.5248906591678238,0.28125
Scale-free,18,20337926,0.12,1500,8,8,1.0,27.7859375,3712.5,0.2333333333333333,0.1782738095238095,2.075,0.4738035414793428,0.2678571428571428
Scale-free,19,20337927,0.12,1500,4,8,0.5,14.4984375,3975.0,0.2333333333333333,0.5290178571428571,1.9583333333333333,0.6925256939166184,0.2110969387755102
Scale-free,0,20270094,0.18,1500,8,8,1.0,27.740625,3750.0,0.2333333333333333,0.3221230158730158,1.9916666666666667,0.614451804788759,0.2436224489795918
Scale-free,1,20270095,0.18,1500,5,8,0.625,24.79375,3575.0,0.2333333333333333,0.3975694444444444,2.05,0.6388765649999399,0.242984693877551
Scale-free,2,20270096,0.18,1500,7,8,0.875,27.79375,3537.5,0.2333333333333333,0.2491071428571428,2.058333333333333,0.4517539514526256,0.3042091836734694
Scale-free,3,20270097,0.18,1500,5,8,0.625,27.74375,4050.0,0.2333333333333333,0.2559523809523809,2.075,0.4403152859263554,0.2914540816326531
Scale-free,4,20270098,0.18,1500,6,8,0.75,27.61875,3700.0,0.2333333333333333,0.1811011904761904,2.091666666666667,0.5050762722761054,0.2901785714285714
Scale-free,5,20270099,0.18,1500,6,8,0.75,27.56875,3825.0,0.2333333333333333,0.3361111111111111,2.033333333333333,0.5624291338579865,0.2831632653061225
Scale-free,6,20270100,0.18,1500,8,8,1.0,27.660937500000003,3550.0,0.2333333333333333,0.4727813852813852,2.0,0.6776309271789385,0.2857142857142857
Scale-free,7,20270101,0.18,1500,7,8,0.875,27.5609375,3837.5,0.2333333333333333,0.44375,2.0416666666666665,0.6308400618805605,0.3156887755102041
Scale-free,8,20270102,0.18,1500,8,8,1.0,27.7609375,3600.0,0.2333333333333333,0.4989087301587301,2.033333333333333,0.67005939426049,0.2665816326530612
Scale-free,9,20270103,0.18,1500,6,8,0.75,27.6265625,3750.0,0.2333333333333333,0.2446428571428571,2.091666666666667,0.5050762722761054,0.2723214285714285
Scale-free,10,20270104,0.18,1500,6,8,0.75,27.223437500000003,3775.0,0.2333333333333333,0.314484126984127,1.975,0.662401321106836,0.2283163265306122
Scale-free,11,20270105,0.18,1500,5,8,0.625,27.4796875,3662.5,0.2333333333333333,0.1805555555555555,1.9666666666666663,0.5976143046671968,0.2525510204081633
Scale-free,12,20270106,0.18,1500,8,8,1.0,27.534375,3650.0,0.2333333333333333,0.3361607142857142,2.075,0.5248906591678238,0.3003826530612245
Scale-free,13,20270107,0.18,1500,6,8,0.75,26.8453125,4050.0,0.2333333333333333,0.3604166666666666,2.1083333333333334,0.5248906591678238,0.2774234693877551
Scale-free,14,20270108,0.18,1500,6,8,0.75,27.503125,3775.0,0.2333333333333333,0.2169642857142857,2.1166666666666667,0.4738035414793428,0.2646683673469387
Scale-free,15,20270109,0.18,1500,8,8,1.0,27.51875,3687.5,0.2333333333333333,0.3610119047619047,1.9833333333333332,0.5802884574739972,0.2480867346938775
Scale-free,16,20270110,0.18,1500,7,8,0.875,27.65625,3775.0,0.2333333333333333,0.3705357142857143,2.075,0.4738035414793428,0.2735969387755103
Scale-free,17,20270111,0.18,1500,5,8,0.625,27.0390625,3837.5,0.2333333333333333,0.5194444444444445,2.05,0.5976143046671968,0.2799744897959184
Scale-free,18,20270112,0.18,1500,7,8,0.875,27.4859375,3700.0,0.2333333333333333,0.1694444444444444,2.0,0.6776309271789385,0.2493622448979592
Scale-free,19,20270113,0.18,1500,8,8,1.0,27.85,3550.0,0.2333333333333333,0.6151830808080808,1.9583333333333333,0.762648446573665,0.288265306122449
Small-world,0,20292866,0.02,1500,0,8,0.0,6.456250000000001,4750.0,0.2666666666666666,0.4312499999999999,2.1666666666666665,0.1767766952966369,0.35205078125
Small-world,1,20292867,0.02,1500,0,8,0.0,6.3765625,6625.0,0.2666666666666666,0.4583333333333333,2.2666666666666666,0.1530931089239486,0.3515625
Small-world,2,20292868,0.02,1500,0,8,0.0,7.5109375,5525.0,0.2666666666666666,0.5,2.4,0.0,0.375
Small-world,3,20292869,0.02,1500,0,8,0.0,10.0125,5650.0,0.2666666666666666,0.4125,2.1416666666666666,0.1767766952966369,0.38232421875
Small-world,4,20292870,0.02,1500,0,8,0.0,6.90625,4850.0,0.2666666666666666,0.3145833333333333,2.05,0.2165063509461096,0.34130859375
Small-world,5,20292871,0.02,1500,0,8,0.0,5.2015625,4300.0,0.2666666666666666,0.4020833333333333,2.158333333333333,0.1530931089239486,0.38427734375
Small-world,6,20292872,0.02,1500,0,8,0.0,8.0953125,6312.5,0.2666666666666666,0.3791666666666666,2.091666666666667,0.2338535866733713,0.37744140625
Small-world,7,20292873,0.02,1500,0,8,0.0,6.5796875,4425.0,0.2666666666666666,0.425,2.1416666666666666,0.1767766952966369,0.32568359375
Small-world,8,20292874,0.02,1500,0,8,0.0,8.734375,4475.0,0.2666666666666666,0.4819940476190476,2.083333333333333,0.3535533905932738,0.333984375
Small-world,9,20292875,0.02,1500,1,8,0.125,9.76875,4550.0,0.2666666666666666,0.2208333333333333,2.0,0.1530931089239486,0.29248046875
Small-world,10,20292876,0.02,1500,0,8,0.0,6.484375,4775.0,0.2666666666666666,0.34375,2.0083333333333333,0.1530931089239486,0.380859375
Small-world,11,20292877,0.02,1500,1,8,0.125,10.509375,4162.5,0.2666666666666666,0.4645833333333333,2.216666666666667,0.1530931089239486,0.38427734375
Small-world,12,20292878,0.02,1500,0,8,0.0,9.140625,5925.0,0.2666666666666666,0.2958333333333333,2.175,0.125,0.32568359375
Small-world,13,20292879,0.02,1500,1,8,0.125,7.2578125,4137.5,0.2666666666666666,0.3458333333333333,2.058333333333333,0.1767766952966369,0.34326171875
Small-world,14,20292880,0.02,1500,0,8,0.0,9.1296875,4950.0,0.2666666666666666,0.3999999999999999,2.058333333333333,0.1976423537605237,0.38037109375
Small-world,15,20292881,0.02,1500,1,8,0.125,5.9609375,4900.0,0.2666666666666666,0.2833333333333333,2.075,0.2165063509461096,0.3046875
Small-world,16,20292882,0.02,1500,0,8,0.0,6.815625,6875.0,0.2666666666666666,0.4666666666666667,2.3833333333333333,0.125,0.40869140625
Small-world,17,20292883,0.02,1500,0,8,0.0,6.4578125,6050.0,0.2666666666666666,0.38125,2.183333333333333,0.125,0.32666015625
Small-world,18,20292884,0.02,1500,0,8,0.0,6.021875,8050.0,0.2666666666666666,0.3625,2.158333333333333,0.1976423537605237,0.37646484375
Small-world,19,20292885,0.02,1500,0,8,0.0,7.1484375,4200.0,0.2666666666666666,0.4583333333333333,2.3,0.0883883476483184,0.38232421875
Small-world,0,20333975,0.04,1500,2,8,0.25,12.259375,4125.0,0.2666666666666666,0.5208333333333334,2.2333333333333334,0.1530931089239486,0.4296875
Small-world,1,20333976,0.04,1500,2,8,0.25,12.2796875,4300.0,0.2666666666666666,0.2604166666666667,2.083333333333333,0.1530931089239486,0.27294921875
Small-world,2,20333977,0.04,1500,1,8,0.125,12.590625,4250.0,0.2666666666666666,0.34375,2.066666666666667,0.125,0.31396484375
Small-world,3,20333978,0.04,1500,1,8,0.125,9.9375,4400.0,0.2666666666666666,0.2625,2.0166666666666666,0.1530931089239486,0.30712890625
Small-world,4,20333979,0.04,1500,1,8,0.125,8.7265625,4625.0,0.2666666666666666,0.20625,1.975,0.2651650429449553,0.30029296875
Small-world,5,20333980,0.04,1500,0,8,0.0,10.7546875,4062.5,0.2666666666666666,0.2625,1.9416666666666669,0.2651650429449553,0.25927734375
Small-world,6,20333981,0.04,1500,1,8,0.125,13.896875,3975.0,0.2666666666666666,0.4875,2.208333333333333,0.1767766952966369,0.41650390625
Small-world,7,20333982,0.04,1500,0,8,0.0,8.9109375,4500.0,0.2666666666666666,0.3520833333333333,2.208333333333333,0.1767766952966369,0.37939453125
Small-world,8,20333983,0.04,1500,0,8,0.0,11.9171875,4250.0,0.2666666666666666,0.3541666666666667,2.0083333333333333,0.1976423537605237,0.35400390625
Small-world,9,20333984,0.04,1500,2,8,0.25,14.0140625,5025.0,0.2666666666666666,0.4125,2.1666666666666665,0.125,0.35693359375
Small-world,10,20333985,0.04,1500,2,8,0.25,11.746875,4275.0,0.2666666666666666,0.3916666666666666,2.083333333333333,0.2338535866733713,0.40576171875
Small-world,11,20333986,0.04,1500,2,8,0.25,12.096875,3900.0,0.2666666666666666,0.3145833333333333,2.066666666666667,0.25,0.3125
Small-world,12,20333987,0.04,1500,1,8,0.125,9.7046875,4525.0,0.2666666666666666,0.3919642857142857,2.091666666666667,0.3061862178478972,0.34130859375
Small-world,13,20333988,0.04,1500,1,8,0.125,10.8265625,4250.0,0.2666666666666666,0.2958333333333333,2.1333333333333333,0.2165063509461096,0.33056640625
Small-world,14,20333989,0.04,1500,0,8,0.0,7.671875,6875.0,0.2666666666666666,0.3020833333333333,2.0,0.1976423537605237,0.3046875
Small-world,15,20333990,0.04,1500,0,8,0.0,12.5359375,4275.0,0.2666666666666666,0.3541666666666666,2.1,0.1976423537605237,0.36181640625
Small-world,16,20333991,0.04,1500,0,8,0.0,7.053125,9000.0,0.2666666666666666,0.4354166666666667,2.2416666666666667,0.0883883476483184,0.34716796875
Small-world,17,20333992,0.04,1500,2,8,0.25,9.08125,4675.0,0.2666666666666666,0.3625,2.175,0.0883883476483184,0.34326171875
Small-world,18,20333993,0.04,1500,1,8,0.125,10.5625,4150.0,0.2666666666666666,0.4604166666666666,2.2,0.2165063509461096,0.39501953125
Small-world,19,20333994,0.04,1500,1,8,0.125,13.665625,4350.0,0.2666666666666666,0.475,2.25,0.125,0.439453125
Small-world,0,20365439,0.06,1500,3,8,0.375,12.6828125,3950.0,0.2666666666666666,0.3166666666666666,2.058333333333333,0.1530931089239486,0.3037109375
Small-world,1,20365440,0.06,1500,3,8,0.375,12.9625,4162.5,0.2666666666666666,0.4729166666666666,2.2666666666666666,0.0883883476483184,0.37841796875
Small-world,2,20365441,0.06,1500,3,8,0.375,15.078125,4050.0,0.2666666666666666,0.3979166666666666,2.1666666666666665,0.125,0.34130859375
Small-world,3,20365442,0.06,1500,3,8,0.375,16.065625,3775.0,0.2666666666666666,0.4312499999999999,2.091666666666667,0.1976423537605237,0.37060546875
Small-world,4,20365443,0.06,1500,2,8,0.25,12.3703125,4300.0,0.2666666666666666,0.3375,2.1,0.2651650429449553,0.30029296875
Small-world,5,20365444,0.06,1500,4,8,0.5,18.234375,3750.0,0.2666666666666666,0.3604166666666666,2.1,0.125,0.35302734375
Small-world,6,20365445,0.06,1500,1,8,0.125,12.3625,4137.5,0.2666666666666666,0.4645833333333333,2.2916666666666665,0.1530931089239486,0.35107421875
Small-world,7,20365446,0.06,1500,4,8,0.5,21.5453125,4012.5,0.2666666666666666,0.4145833333333333,2.2416666666666667,0.0883883476483184,0.34912109375
Small-world,8,20365447,0.06,1500,4,8,0.5,18.896875,3775.0,0.2666666666666666,0.3729166666666667,2.1,0.1976423537605237,0.27978515625
Small-world,9,20365448,0.06,1500,2,8,0.25,14.640625,4275.0,0.2666666666666666,0.3979166666666666,2.15,0.1976423537605237,0.36279296875
Small-world,10,20365449,0.06,1500,2,8,0.25,11.3125,4175.0,0.2666666666666666,0.2916666666666667,2.058333333333333,0.1976423537605237,0.27099609375
Small-world,11,20365450,0.06,1500,3,8,0.375,15.584375,3987.5,0.2666666666666666,0.3395833333333333,2.158333333333333,0.125,0.33935546875
Small-world,12,20365451,0.06,1500,4,8,0.5,19.78125,4037.5,0.2666666666666666,0.24375,1.975,0.25,0.27880859375
Small-world,13,20365452,0.06,1500,1,8,0.125,10.090625,4350.0,0.2666666666666666,0.4229166666666666,2.175,0.125,0.35205078125
Small-world,14,20365453,0.06,1500,3,8,0.375,17.971875,4100.0,0.2666666666666666,0.4604166666666666,2.2333333333333334,0.1530931089239486,0.38427734375
Small-world,15,20365454,0.06,1500,4,8,0.5,18.8109375,3825.0,0.2666666666666666,0.4020833333333333,2.083333333333333,0.2338535866733713,0.37548828125
Small-world,16,20365455,0.06,1500,3,8,0.375,14.5765625,3750.0,0.2666666666666666,0.3735119047619047,2.025,0.2931509849889643,0.365234375
Small-world,17,20365456,0.06,1500,3,8,0.375,15.565625,4025.0,0.2666666666666666,0.2916666666666667,2.125,0.1767766952966369,0.32666015625
Small-world,18,20365457,0.06,1500,2,8,0.25,17.565624999999997,3900.0,0.2666666666666666,0.4354166666666667,2.275,0.0883883476483184,0.35302734375
Small-world,19,20365458,0.06,1500,3,8,0.375,16.1421875,3825.0,0.2666666666666666,0.4770833333333333,2.2666666666666666,0.0883883476483184,0.3828125
Small-world,0,20271352,0.08,1500,5,8,0.625,21.4046875,3850.0,0.2666666666666666,0.33125,2.1333333333333333,0.1530931089239486,0.3515625
Small-world,1,20271353,0.08,1500,4,8,0.5,18.6890625,3950.0,0.2666666666666666,0.3291666666666666,2.066666666666667,0.1767766952966369,0.34716796875
Small-world,2,20271354,0.08,1500,2,8,0.25,10.6578125,4225.0,0.2666666666666666,0.3291666666666666,2.0083333333333333,0.2165063509461096,0.318359375
Small-world,3,20271355,0.08,1500,5,8,0.625,23.2953125,3725.0,0.2666666666666666,0.31875,2.05,0.25,0.30712890625
Small-world,4,20271356,0.08,1500,5,8,0.625,22.46875,3937.5,0.2666666666666666,0.4229166666666666,2.1333333333333333,0.2338535866733713,0.40869140625
Small-world,5,20271357,0.08,1500,4,8,0.5,19.44375,3825.0,0.2666666666666666,0.4125,2.125,0.1530931089239486,0.3671875
Small-world,6,20271358,0.08,1500,4,8,0.5,18.0578125,4225.0,0.2666666666666666,0.3625,2.083333333333333,0.1530931089239486,0.3828125
Small-world,7,20271359,0.08,1500,6,8,0.75,24.0921875,3750.0,0.2666666666666666,0.3354166666666666,2.1083333333333334,0.1530931089239486,0.37060546875
Small-world,8,20271360,0.08,1500,6,8,0.75,25.41875,3825.0,0.2666666666666666,0.34375,2.058333333333333,0.2651650429449553,0.326171875
Small-world,9,20271361,0.08,1500,3,8,0.375,17.9765625,3800.0,0.2666666666666666,0.35,1.9916666666666667,0.2338535866733713,0.291015625
Small-world,10,20271362,0.08,1500,6,8,0.75,26.075,3700.0,0.2666666666666666,0.3145833333333333,2.0083333333333333,0.1530931089239486,0.29052734375
Small-world,11,20271363,0.08,1500,3,8,0.375,12.1140625,3900.0,0.2666666666666666,0.4395833333333333,2.058333333333333,0.2165063509461096,0.35888671875
Small-world,12,20271364,0.08,1500,4,8,0.5,20.003125,3812.5,0.2666666666666666,0.2729166666666666,2.033333333333333,0.2338535866733713,0.28173828125
Small-world,13,20271365,0.08,1500,4,8,0.5,20.065625,3750.0,0.2666666666666666,0.35625,2.025,0.2165063509461096,0.31884765625
Small-world,14,20271366,0.08,1500,2,8,0.25,13.4609375,4000.0,0.2666666666666666,0.4354166666666667,2.25,0.0883883476483184,0.34716796875
Small-world,15,20271367,0.08,1500,3,8,0.375,16.5234375,3925.0,0.2666666666666666,0.4875,2.216666666666667,0.2338535866733713,0.38818359375
Small-world,16,20271368,0.08,1500,3,8,0.375,11.3203125,3900.0,0.2666666666666666,0.48125,2.25,0.25,0.34326171875
Small-world,17,20271369,0.08,1500,4,8,0.5,17.109375,4100.0,0.2666666666666666,0.3645833333333333,2.158333333333333,0.0883883476483184,0.40380859375
Small-world,18,20271370,0.08,1500,2,8,0.25,9.35,4512.5,0.2666666666666666,0.3583333333333333,2.0416666666666665,0.2165063509461096,0.3115234375
Small-world,19,20271371,0.08,1500,3,8,0.375,15.8625,3737.5,0.2666666666666666,0.4770833333333333,2.325,0.0883883476483184,0.375
Small-world,0,20285784,0.12,1500,5,8,0.625,21.4921875,4262.5,0.2666666666666666,0.21875,2.025,0.2165063509461096,0.26025390625
Small-world,1,20285785,0.12,1500,8,8,1.0,27.5046875,3525.0,0.2666666666666666,0.3479166666666666,2.05,0.25,0.3271484375
Small-world,2,20285786,0.12,1500,6,8,0.75,27.489062500000003,3500.0,0.2666666666666666,0.1979166666666666,2.0166666666666666,0.1767766952966369,0.25927734375
Small-world,3,20285787,0.12,1500,7,8,0.875,27.765625,3637.5,0.2666666666666666,0.2416666666666666,1.9916666666666667,0.1976423537605237,0.31298828125
Small-world,4,20285788,0.12,1500,4,8,0.5,18.09375,3950.0,0.2666666666666666,0.4354166666666667,2.25,0.0883883476483184,0.35302734375
Small-world,5,20285789,0.12,1500,6,8,0.75,24.9140625,3812.5,0.2666666666666666,0.3979166666666666,2.225,0.125,0.38232421875
Small-world,6,20285790,0.12,1500,7,8,0.875,27.9015625,3575.0,0.2666666666666666,0.4354166666666667,2.2666666666666666,0.0883883476483184,0.35302734375
Small-world,7,20285791,0.12,1500,7,8,0.875,27.690625,3750.0,0.2666666666666666,0.3541666666666667,2.0416666666666665,0.2338535866733713,0.37060546875
Small-world,8,20285792,0.12,1500,4,8,0.5,23.9375,3887.5,0.2666666666666666,0.4416666666666666,2.1666666666666665,0.1767766952966369,0.4033203125
Small-world,9,20285793,0.12,1500,4,8,0.5,21.9953125,3775.0,0.2666666666666666,0.5,2.3583333333333334,0.25,0.38525390625
Small-world,10,20285794,0.12,1500,8,8,1.0,27.578125,3500.0,0.2666666666666666,0.3857142857142857,2.083333333333333,0.2651650429449553,0.32275390625
Small-world,11,20285795,0.12,1500,6,8,0.75,27.575,3900.0,0.2666666666666666,0.325,2.075,0.1976423537605237,0.32080078125
Small-world,12,20285796,0.12,1500,6,8,0.75,27.44375,3662.5,0.2666666666666666,0.2708333333333333,2.058333333333333,0.1767766952966369,0.31298828125
Small-world,13,20285797,0.12,1500,4,8,0.5,21.3796875,3825.0,0.2666666666666666,0.3687499999999999,2.083333333333333,0.1530931089239486,0.3232421875
Small-world,14,20285798,0.12,1500,6,8,0.75,25.6015625,3800.0,0.2666666666666666,0.3770833333333333,2.091666666666667,0.1767766952966369,0.30712890625
Small-world,15,20285799,0.12,1500,7,8,0.875,27.8140625,3575.0,0.2666666666666666,0.33125,2.05,0.1976423537605237,0.34326171875
Small-world,16,20285800,0.12,1500,8,8,1.0,27.496875,3675.0,0.2666666666666666,0.375,2.1166666666666667,0.1767766952966369,0.33935546875
Small-world,17,20285801,0.12,1500,6,8,0.75,27.525,3475.0,0.2666666666666666,0.3333333333333333,2.091666666666667,0.1976423537605237,0.33935546875
Small-world,18,20285802,0.12,1500,7,8,0.875,27.809375000000003,3587.5,0.2666666666666666,0.4416666666666666,2.316666666666667,0.2165063509461096,0.37255859375
Small-world,19,20285803,0.12,1500,7,8,0.875,27.5421875,3637.5,0.2666666666666666,0.3687499999999999,2.091666666666667,0.1767766952966369,0.35986328125
Small-world,0,20295969,0.18,1500,8,8,1.0,27.645312500000003,3637.5,0.2666666666666666,0.2875,2.091666666666667,0.25,0.27685546875
Small-world,1,20295970,0.18,1500,8,8,1.0,27.871875,3650.0,0.2666666666666666,0.2875,2.058333333333333,0.1976423537605237,0.33544921875
Small-world,2,20295971,0.18,1500,6,8,0.75,27.59375,3825.0,0.2666666666666666,0.3416666666666667,2.066666666666667,0.1530931089239486,0.33642578125
Small-world,3,20295972,0.18,1500,7,8,0.875,27.6625,3650.0,0.2666666666666666,0.3958333333333333,2.15,0.1767766952966369,0.38037109375
Small-world,4,20295973,0.18,1500,7,8,0.875,27.75625,3562.5,0.2666666666666666,0.4916666666666666,2.35,0.1767766952966369,0.3984375
Small-world,5,20295974,0.18,1500,8,8,1.0,27.815625,3475.0,0.2666666666666666,0.2312499999999999,2.05,0.2338535866733713,0.29638671875
Small-world,6,20295975,0.18,1500,6,8,0.75,27.5,3850.0,0.2666666666666666,0.2520833333333333,2.025,0.25,0.28759765625
Small-world,7,20295976,0.18,1500,7,8,0.875,27.6171875,3625.0,0.2666666666666666,0.3395833333333333,2.1,0.1767766952966369,0.37939453125
Small-world,8,20295977,0.18,1500,6,8,0.75,27.40625,3500.0,0.2666666666666666,0.3479166666666666,2.1166666666666667,0.1767766952966369,0.34423828125
Small-world,9,20295978,0.18,1500,8,8,1.0,27.5875,3600.0,0.2666666666666666,0.3625,2.1083333333333334,0.1976423537605237,0.39892578125
Small-world,10,20295979,0.18,1500,7,8,0.875,27.6171875,3675.0,0.2666666666666666,0.3354166666666666,2.1083333333333334,0.2165063509461096,0.35009765625
Small-world,11,20295980,0.18,1500,7,8,0.875,27.6734375,3725.0,0.2666666666666666,0.2931547619047619,2.033333333333333,0.2651650429449553,0.33251953125
Small-world,12,20295981,0.18,1500,8,8,1.0,27.5125,3487.5,0.2666666666666666,0.3181547619047619,2.033333333333333,0.2931509849889643,0.283203125
Small-world,13,20295982,0.18,1500,5,8,0.625,27.184375,3600.0,0.2666666666666666,0.3354166666666666,1.9833333333333332,0.2338535866733713,0.3232421875
Small-world,14,20295983,0.18,1500,8,8,1.0,27.590625000000003,3750.0,0.2666666666666666,0.4166666666666666,2.1666666666666665,0.1530931089239486,0.38232421875
Small-world,15,20295984,0.18,1500,8,8,1.0,27.7015625,3650.0,0.2666666666666666,0.2708333333333333,2.025,0.125,0.35107421875
Small-world,16,20295985,0.18,1500,8,8,1.0,27.4578125,3612.5,0.2666666666666666,0.31875,1.9583333333333333,0.2338535866733713,0.30810546875
Small-world,17,20295986,0.18,1500,7,8,0.875,26.567187500000003,3900.0,0.2666666666666666,0.4770833333333333,2.1666666666666665,0.2795084971874737,0.40673828125
Small-world,18,20295987,0.18,1500,7,8,0.875,27.8109375,3600.0,0.2666666666666666,0.3375,2.1416666666666666,0.1767766952966369,0.33642578125
Small-world,19,20295988,0.18,1500,5,8,0.625,27.6875,3712.5,0.2666666666666666,0.31875,2.0166666666666666,0.1530931089239486,0.36279296875
